connector,grid,pin,left side (on diagram),right side (on diagram),status,notes
57,A6,all,,,traced,"(1963-2009,927-974): 2x2 block. Top row (loom side): pin L 84b GL 1.5 from 89:87 [base: 84c jumper] | pin R 84a GL 1.5 to 89:30/51 [base: 84c jumper]. Bottom row (car side): pin L 84f GL 1.5 to 4:50a + 84h GL 0.75 to 60 (A5) | pin R 84e GL 1.5 to 58 (A7). Same block on S 3981 (961-1014,787-834) and S 4081. Which row is loom/car unreadable. Traced"
60,A5,all,,,open,"(1798-1843,947-970): 1 pin; right 84h GL 0.75 from 57 (A6) | left nothing (stub). Also on S 3981 (792-840,815-830). Probably the injection loom's 218/231 pick-up (S 3783 draws a 2-pin 59 there instead): car check"
58,A7,all,,,traced,"(2320-2385,965-1060), by ignition switch 20: pin 1 118e GN/VT 1.0 | 118 GN/VT 1.0 to 20:15; pin 2 84e GL 1.5 | 84 GL 1.5 to 20:50; pin 3 5e BR/VT 0.75 to 21:86 | 5 BR/VT 0.75 to 20:54; pin 4 4 GR 1.5 to fuse 7's bus | 4e GR 1.5 to 20:30; pins 5-8 unused. Traced"
58,A9,all,,,traced,"(2795-2855,905-955), fuel sender: row 1 30 BR 0.75 from 47:12 | 30e BR 0.75; row 2 29 GR 0.75 from 47:3 | 29e GR 0.75. Traced"
59,A10,all,,,traced,"(2988-3035,915-960): upper pin 30e BR | 30f BR to 46:W; lower pin 29e GR | 29f GR to 46:G. Traced"
58,C8,all,,,traced,"(2540-2565,1515-1555), brake warning, one pin drawn vertical: top 114 VT 0.75 from 47:5 + 115 GL 0.75 from 42 | bottom 114e VT 0.75 to 43. Traced (115's side probable)"
58,C11,all,,,traced,"(3110-3160,1607-1655), panel/tail lights: row 1 54 GN 0.75 from fuse 3 + 59 GN 0.75 to rheostat 16 | 54b GN 0.75 to rear block R 14; row 2 53 BL 0.75 from fuse 4 | 53a BL 0.75 to rear block L 14. Traced"
58,D11,all,,,traced,"(3102-3158,1792-1812), one row: left 64 GL 1.0 from fuse 7 + 80 BL 1.0 to lighter 48 | right 65 GL 0.75 to 52/50. Traced"
58,D3,all,,,traced,"(1417-1443,1830-1895), one pin drawn vertical: 141 VT 0.75 from 8:S | 141e VT 0.75 to dimmer 9. Traced"
58,D7,all,,,traced,"(2346,1949-1977), one pin drawn vertical: 93 GL 1.0 from fuse 11 | 93e GL 1.0 to 60 (E7). Traced"
60,E7,all,,,traced,"(2311-2341,2099): 93e GL 1.0 in from above | 93f GL 0.75 out right; left dot unused. Traced"
59,E8,all,,,traced,"(2487-2517,2103-2133), seat heating: pin 1 93f GL 0.75 | element 64 left lead; pin 2 94 SV 1.0 to earth (3418,2305) | element 64 right lead. Traced"
58,E9,all,,,traced,"(2650-2695,2291-2440), wipers, six pins: 1 14 BR 1.0 + 32 RD/VT 0.75 + 146 BR 0.75 | 14e BR 1.0 (61:54); 2 16 GN | 16e GN (61:53b); 3 15 RD | 15e RD (61:53); 4 17 GR | 17e GR (61:53a); 5 18 BL | 18e BL (61, probably 31b); 6 88 SV 0.75 | 88e SV 0.75 (61, unlabelled). 96 VT and 28 RD pass beneath without entering. Traced; three-wire pin 1 probable"
58,F8,all,,,traced,"(2505-2529,2445), back-up line, one pin: 95 VT 1.0 [base: from fuse 11; automatic: from 60 (S 3981 95f/95)] | 96 VT 1.0 to 31 [automatic: to 60 (S 3981 96/97)]. Numbered 57 on S 3981/S 3754/S 3493: print discrepancy. Traced"
57,F9,all,,,traced,"(2685-2707,2626-2674), heater fan, three rows: 1 motor 36 + and resistor right end | 33 GL 2.5 to 35; 2 resistor left end | 35 GR 1.0 to 35; 3 motor 36 earth | 138 SV 2.5 to earth (2300,2700). Traced"
60,F9,all,,,traced,"(2775-2803,2733): 81 GR 0.75 from 67:85 | 81e GR 0.75 to 61:S. Traced (headlamp wipers not fitted)"
58,E13,all,,,traced,"(3555-3600,2133), door contacts, one row: left 122 SV 0.75 from 53 | right 122b SV 0.75 up to 54 (D13) and 122a SV 0.75 down to 54 (E13). Traced"
59,E11,all,,,traced,"(3192-3240,2382-2428), indicators: pin 1 (left column) 24b RD/VT 1.0 from 24:R | 25b RD/VT to rear R 28 + 23b RD/VT to 57 (E3); pin 2 (right column) 24a BL/VT 1.0 from 24:L | 25a BL/VT to rear L 27 + 23a BL/VT to front L 27. Traced"
60,D12,all,,,traced,"(3481-3537,2044-2070): 66g SV 0.75 from 50's door node and 66 SV 0.75 to 53 both drawn at the left end; right dot unused. Traced"
60,F13,all,,,traced,"(3570-3610,2530-2550): 28g RD 1.0 from 29 | 28e RD 1.0 to rear block L 30. Traced"
59,D2,all,,,traced,"(1097-1140,1748-1795), radiator fan: pin 1 38 SV 1.5 from the battery - strap | 38e SV 1.5 to 37 + 150 SV 1.0 to earth (1080,1905); pin 2 37 GN 1.5 from 38:87 | 37e SV 1.5 to 37. Traced"
57,E3,all,,,traced,"(1355-1418,2335-2360), one pin: left 23be RD/VT 1.0 to front R indicator 28 | right 23b RD/VT 1.0 from 59 (E11). The 70 SV line passes above at y2322. Traced (23be/23bc probable)"
58,E4,all,,,traced,"(1560-1618,2312-2340), horn, one pin: 70 SV 1.0 from 40 | 71 SV 1.0 to 41. Traced"
60,S 3981 195f/195h,all,,,open,"(p.348 650-675,575-645): 195h GL 0.75 from 90:3 | 195f RD 0.75 to 89:85. Automatic only"
60,S 3981 95f/95,all,,,open,"(p.348 727-748,1076-1122): 95f VT 1.0 from 90:4 | 95 VT 1.0 to 58 (F8). Automatic only (cuts the base's fuse 11 -> 95 run)"
60,S 3981 96/97,all,,,open,"(p.348 963-1010,1130-1145): 96 VT 1.0 | 97 VT 1.0; stands where p.327 has contact 31. Automatic only"
59,S 3783,all,,,open,"(p.347 1390-1430,1240-1320), on the 84f/84e line: pin 1 218 GL 0.75 from 92:18 | 231 GL 0.75 to 99; pin 2 84f from 4:50 | 84e to a bracket; the 218 vertical runs through both pins (one node as printed). Conflicts with 57 (A6) + 60 (A5) of p.327/S 3981: car check"
