component,name,sheet,kind,element,between,rest_state,confidence,evidence,notes
1,Battery,power,other,terminals,+;-,n/a,read,book photo IMG_4712; scan p.407,"+ on the left wall about 30% down, - on the right wall about 70% down: open circles just inside the walls, signs printed inside the box. No internal elements printed (no cells). 1 RD 16.0 (extra heavy) leaves + to the left and runs up to starter 30. An unnumbered extra-heavy lead leaves - to the right and runs straight down to the central earth star at D3 (MOTOR earth, diagonal branch to CHASSI) on the scan."
2,Alternator,power; instruments,other,terminals,D+;B+,n/a,read,book photo IMG_4712,"Both on the right wall: D+ about 25% down, B+ about 75% down, open circles just inside the wall with the names printed to their left. A pulley symbol sits on the left wall. No regulator, diodes, windings, DF or earth printed (no DF, so probably a built-in regulator). 5 GR 4.0 leaves the B+ circle; 5a GR 2.5 leaves the bottom-right corner just below B+; 6 GR 4.0 lands on the solid wall about 35 px above B+ (probably B+)."
4,Starter motor,power; ignition,motor,terminals,16;50;30,n/a,read,book photo IMG_4712; scan p.407,"16 on the right wall about 25% down and 50 about 75% down, names printed to their left (""30 50"" on one line); 30 on the bottom wall at its centre, ""30"" printed above and slightly left. A pinion symbol sits on the left wall. The manual prints no solenoid, winding, contact or earth: a 50-to-earth pull-in coil and a 30-to-16 contact closed while cranking are probably inside, but get no row. The right wall is an ordinary heavy wall, thinned only where the 272 and 122a labels are printed over it."
5,Ignition coil,ignition,other,terminals,15;1;HT tower,n/a,read,book photo IMG_4729; scan p.407,"'15' and '1' printed small inside the dome, under a thin line across it: 15 at the left shoulder (123b GN/VT 1.5 drops onto it from the left), 1 at the right shoulder (121 BL 1.5 rises and runs right). HT tower (no label) on top of the dome; the HT lead from 6's centre comes straight down into it. Windings are not drawn (primary 15-1, secondary to the tower by DIN meaning), so no element rows. 123d GN/VT 1.0 passes under the coil without touching it. A small mark in the tower's notch (photo only) is unreadable (maybe a '4')."
6,Ignition distributor,ignition,sender,terminals,centre (HT in);upper right (plug 1);upper left (plug 2);lower left (plug 3);lower right (plug 4);right edge upper (390);right edge lower (391),n/a,read,book photo IMG_4729; scan p.407,"No labels printed; names ours. Heavy ring with four small open outlet circles at the diagonals and one at the centre; the HT leads meet the ring edge beside each outlet and nest left to plugs 1-4 of 157. The centre line runs straight down through the ring to coil 5's tower. The outlet order is schematic (it cannot give the 1-3-4-2 firing order; probably). Rotor and pulse sender are not drawn: the sender shows only as two screened wires, 390 and 391 (numbers only), leaving the right edge without terminal circles (probably an inductive pulse generator)."
8,Lighting relay,lighting,relay,terminals,56a;56b;S;31;86;30,n/a,read,"book photo IMG_4719, IMG_4721, IMG_4722; scan p.407","All six on the bottom edge, left to right, each label printed just left of its circle; none on the top or sides; no plain 56. The b of 56b runs into the 5 and looks like D at low zoom. 86: second digit smeared by K2's lead in the photos and the scan; its closed lower loop rules out 85, and 86 (not 88) is probably, as the DIN 72552 coil end fed by 31 GL. Internal circles A-H are unlabelled in the manual (the letters are ours). Not printed: any latch or ratchet mechanism (the toggling is inferred) and any suppression diode."
8,Lighting relay,lighting,relay,coil,S;resistor,n/a,read,"book photo IMG_4719, IMG_4721; scan p.407","K1, the left coil (rectangle with a diagonal stroke). Right lead down to S; left lead down into the resistor, whose other end is on 30: 30 - resistor - K1 - S. Its dashed actuator rises to just under the upper blade (D) and branches left at 0.36 box height to the diagonal blade (F), so K1 moves both. Probably the impulse coil: stalk 9 probably earths S over 32 VT (inferred; nothing printed)."
8,Lighting relay,lighting,relay,resistor,K1;30,n/a,read,"book photo IMG_4719, IMG_4721; scan p.407","Small horizontal rectangle below and left of K1, in series with it. From its right end a bus runs right at 0.76 box height to the 30 vertical, with a junction dot there; it crosses S, 31 and 86 with no dots (plain crossings; the scan blurs them, the photos are clear)."
8,Lighting relay,lighting,relay,coil,31;86,n/a,read,"book photo IMG_4719, IMG_4721; scan p.407","K2, the right coil, same symbol as K1. Left lead down to 31, right lead down to 86. Its dashed actuator rises to just under the B-C blade and stops short of it. Probably pulled in when light switch 10:1 feeds 86 on 31 GL (headlamp position); 31 reaches earth on 13 SV through the joint at relay 113:85 (inferred from DIN 72552 and wires.csv)."
8,Lighting relay,lighting,relay,changeover contact,C;B;E,rests on B,probably,"book photo IMG_4719, IMG_4721; scan p.407","Order common;rest;work. Read: a thick blade drawn closed between B and C; C runs right and down to 30; B joins A by a thin line; E is an unlabelled circle above B (slightly toward C) that touches nothing and is wired to F. Probably C is the pivot and the blade lifts from B to E when K2 pulls in (C-E about equals C-B, so E lies on its swing); that is why this row is probably. Every stroke here is printed: draw it black."
8,Lighting relay,lighting,relay,contact,D;A,open,probably,"book photo IMG_4719, IMG_4721","Upper blade: thick, rising up and right from pivot D (on the 56b node) to a free end above and left of A, touching nothing; open is read. It probably closes on A: its length matches D-A and A sits level with D, as a make contact is drawn. Its line, extended, points near E, but D-E is about twice its length. Moved by K1. With K2 at rest this probably puts 30 (through C-B-A) on 56b: the lights-off flash, which as printed would feed the dipped beams (needs a car check)."
8,Lighting relay,lighting,relay,changeover contact,F;H;G,rests on H (56b),read,"book photo IMG_4719, IMG_4721; scan p.407","Order common;rest;work. Thick diagonal blade from F (upper left) down to H, drawn touching H; H is on the 56b node; G stands level with H on the 56a vertical and is untouched (F-G equals F-H, so F is the pivot). F is fed only from E. Moved by K1 through the horizontal dashed link. Probably the dip/main latch: each S pulse probably toggles it between 56b (dip) and 56a (main); no ratchet is printed."
8,Lighting relay,lighting,relay,link,56b;D;H,n/a,read,"book photo IMG_4719, IMG_4721; scan p.407",One node: the 56b vertical rises to 0.25 box height and turns right to D; on the way a junction dot at 0.52 height takes a short line left to H. The horizontal dashed line crosses this vertical without joining it.
8,Lighting relay,lighting,relay,link,30;C;resistor,n/a,read,"book photo IMG_4719, IMG_4721; scan p.407",One node: the 30 vertical rises to 0.24 box height and turns left to C; the resistor bus meets it at 0.76 height with a junction dot.
8,Lighting relay,lighting,relay,link,A;B,n/a,read,"book photo IMG_4719, IMG_4721","Thin line joining A and B at 0.25 box height, so A is live only while the B-C blade is closed (probably K2 at rest)."
8,Lighting relay,lighting,relay,link,E;F,n/a,read,"book photo IMG_4719, IMG_4721",Line from F up to 0.11 box height and right along the top to E. E has no other connection.
8,Lighting relay,lighting,relay,link,56a;G,n/a,read,"book photo IMG_4719, IMG_4721; scan p.407",Vertical from terminal 56a up to open circle G at 0.52 box height; nothing else joins it inside the box.
11/12 L,High beam / Low beam,lighting,lamp,terminals,"top (25 BL 1.0);bottom (23 GR 1.0);bottom, left of 23 (115 SV 0.75);left (28 SV 1.0)",n/a,read,book photo IMG_4715; scan p.407,"No terminal labels printed. Same layout as 11/12 R, plus 115 SV, which drops through the bottom outline left of the 23 GR exit and runs right under 23 GR. The left lead is unlabelled at the lamp; the scan labels it 28 SV 1.0 in the grid C2 bundle. '11' right of the rounded end at the upper half, '12' just below. Lens chord near the left end, not a conductor."
11/12 L,High beam / Low beam,lighting,lamp,bulb,top;bottom;left,n/a,read,book photo IMG_4715,"Same circle as on 11/12 R, in the rounded right end at mid-height. Here the upper arc is unbroken."
11/12 L,High beam / Low beam,lighting,lamp,filament,top (25 BL);left (common),n/a,probably,book photo IMG_4715,"Upper arc, sagging (U) near the top. The pairing is not drawn (arcs end on the circle). Probably main beam 11: 25 BL comes from 8:56a."
11/12 L,High beam / Low beam,lighting,lamp,filament,bottom (23 GR);left (common),n/a,probably,book photo IMG_4715,"Lower arc, bowed up (upside-down U). Probably dipped beam 12: 23 GR comes from 8:56b."
11/12 L,High beam / Low beam,lighting,lamp,link,bulb left side;28 SV 1.0;115 SV 0.75,n/a,read,book photo IMG_4715; scan p.407,"Common node at the circle's 9 o'clock. 115 SV branches from that same junction, not from the lower arc (which meets the circle lower down, checked at 8x). It curves down-left, drops through the bottom outline and runs on to thermostatic switch 39. The lead out of the left end is 28 SV 1.0 (label on the scan only), to the central earth star."
11/12 R,High beam / Low beam,lighting,lamp,terminals,top (26 VT 1.0);bottom (24 GL 1.0);left (29 SV 1.0),n/a,read,book photo IMG_4714,"No terminal labels printed; points named by side and cable. Top and bottom stubs leave the bulb straight up and down through the housing outline; the left common line crosses the thin lens chord (plain crossing, no dot), leaves the housing's flat left end and runs down the page. '11' printed right of the rounded end at the upper half, '12' below it by the bottom exit. No earth symbol at the lamp. The lens chord is part of the housing symbol, not a conductor, so it has no row."
11/12 R,High beam / Low beam,lighting,lamp,bulb,top;bottom;left,n/a,read,book photo IMG_4714,"One circle inside the housing's rounded right end at mid-height, holding both filament arcs. The leads meet its outline at 12, 6 and 9 o'clock."
11/12 R,High beam / Low beam,lighting,lamp,filament,top (26 VT);left (29 SV),n/a,probably,book photo IMG_4714,"Upper arc, sagging (U) near the top of the circle. Printed with a gap near its right end and a separate short tick; probably a print break, since the left lamp's arc is unbroken. Both arcs end on the circle outline, so the pairing is not drawn. Probably main beam 11: 26 VT comes from 8:56a and '11' is printed level with the top."
11/12 R,High beam / Low beam,lighting,lamp,filament,bottom (24 GL);left (29 SV),n/a,probably,book photo IMG_4714,"Lower arc, bowed up (upside-down U) in the lower half of the circle. Probably dipped beam 12: 24 GL comes from 8:56b and '12' is printed by the bottom exit."
11/12 R,High beam / Low beam,lighting,lamp,link,bulb left side;29 SV 1.0,n/a,read,book photo IMG_4714; scan p.407,"Common return: a horizontal line from the circle's 9 o'clock across the housing and out of its left end. 29 SV runs on to the central earth star (scan), so an earth symbol on the sheet is fair."
13 L,"Front parking light + Direction indicator lights, L (front)",lighting; signals,lamp housing,terminals,top (43 BL 0.75);right (77 BL/VT 1.0);bottom (139 VT 0.75);lower left (148 SV 0.75);left (360 SV 0.75),n/a,read,book photo IMG_4715; scan p.407,"No terminal labels printed. Same layout as 13 R. The earth lead out of the left end is unlabelled at the lamp. It turns up the page as the outermost line, and the scan labels it 360 SV 0.75 in the grid C2 bundle. 148 SV is dashed and runs left from the lower-left outline into its label's underline. '13' above-left by the 43 BL entry; '27' right, below the 77 exit. The cable reads 139 (no 'a'). Lower bulb unnumbered. Lens chord near the left end, not a conductor."
13 L,"Front parking light + Direction indicator lights, L (front)",lighting; signals,lamp housing,bulb,top (43 BL);common earth,n/a,read,book photo IMG_4715,"Parking light 13: upper small circle, one filament arc near its top (U); its bottom meets the common line at the junction blob."
13 L,"Front parking light + Direction indicator lights, L (front)",lighting; signals,lamp housing,bulb,bottom (139 VT);common earth,n/a,read,book photo IMG_4715; scan p.407,"Lower small circle, one arc near its bottom (upside-down U). No number printed: probably corner lamp 118, with the same unresolved 138 BL question as on 13 R."
13 L,"Front parking light + Direction indicator lights, L (front)",lighting; signals,lamp housing,lamp,right (77 BL/VT);common earth,n/a,read,book photo IMG_4715,"Direction indicator 27 (front): crossed circle with left and right quadrants black, right of the small pair."
13 L,"Front parking light + Direction indicator lights, L (front)",lighting; signals,lamp housing,link,13 bottom;lower bulb top;27 left side;360 SV 0.75,n/a,read,book photo IMG_4715; scan p.407,"Shared earth line at mid-height, as on 13 R. It leaves the left end and turns up the page as 360 SV 0.75 (0.75 mm2 here, where the right side's 361 is 1.0) to the central earth star (scan)."
13 L,"Front parking light + Direction indicator lights, L (front)",lighting; signals,lamp housing,link,148 SV 0.75;common earth,n/a,probably,book photo IMG_4715,"Inside: a continuous thin line through an ink blob, across the lens chord into the same tiny loop as on 13 R, ending on the lower bulb's circle at about 10 o'clock. Outside: dashed and fainter than a wire, running left into its label's underline. Nothing is drawn beyond it, so it is a stub. Why it is dashed is not printed. Probably an extra earth lead; it could also be a leader line."
13 R,"Front parking light + Direction indicator lights, R (front)",lighting; signals,lamp housing,terminals,top (45 GN 0.75);right (80 RD/VT 1.0);bottom (139a VT 0.75);lower left (149 SV 0.75);left (361 SV 1.0),n/a,read,book photo IMG_4714; scan p.407,"No terminal labels printed. 45 GN enters the upper small bulb from the top, and 139a VT leaves the lower small bulb at the bottom, both through the housing outline. 80 RD/VT leaves indicator 28 through the rounded right end. The common earth leaves the flat left end at mid-height and turns down the page as 361 SV (the outer page-edge line). 149 SV is a thin line off the lower-left outline. '13' printed above-left by the 45 GN entry; '28' right of the housing, below the 80 exit. The third (lower) bulb has no number. Lens chord near the left end, not a conductor. lighting.py draws 13 and signals.py draws 28 front as separate lamps."
13 R,"Front parking light + Direction indicator lights, R (front)",lighting; signals,lamp housing,bulb,top (45 GN);common earth,n/a,read,book photo IMG_4714,"Parking light 13: the upper of two small stacked circles, with one filament arc near its top (U). Its bottom meets the common line at a junction blob it shares with the lower bulb."
13 R,"Front parking light + Direction indicator lights, R (front)",lighting; signals,lamp housing,bulb,bottom (139a VT);common earth,n/a,read,book photo IMG_4714; scan p.407,"Lower small circle, with one filament arc near its bottom (upside-down U); its top meets the common line at the same blob. Connections read. No number printed: probably corner lamp 118 (legend: grid A1 F1, the same squares as 13). But 139a/139 probably share pin 4 of 58 (E2) with 138 BL from reversing switch 31, which would not fit a side-selective lamp. Unresolved."
13 R,"Front parking light + Direction indicator lights, R (front)",lighting; signals,lamp housing,lamp,right (80 RD/VT);common earth,n/a,read,book photo IMG_4714,"Direction indicator 28 (front): a larger circle right of the small pair, with an X; left and right quadrants filled black, top and bottom white. The common line reaches its left edge."
13 R,"Front parking light + Direction indicator lights, R (front)",lighting; signals,lamp housing,link,13 bottom;lower bulb top;28 left side;361 SV 1.0,n/a,read,book photo IMG_4714; scan p.407,"Shared earth: one horizontal line at mid-height through the junction blob between the small bulbs to 28's left edge, and left across the lens chord (plain crossing) out of the housing as 361 SV 1.0. All three bulbs return on this one lead. 361 does not go to the central earth star: it ends at washer motor 63's earth terminal, with 92 SV (scan)."
13 R,"Front parking light + Direction indicator lights, R (front)",lighting; signals,lamp housing,link,149 SV 0.75;common earth,n/a,probably,book photo IMG_4714,"Thin line, lighter than a wire. Inside, it crosses the lens chord into a tiny ink loop, tied to the common line by a short vertical, and ends on the lower bulb's circle at about 10 o'clock, not at the junction blob. Outside, it is a thin solid diagonal down-left. It stops just short of the outline and ends in a short downward tick above its label, whose underline is dashed. Nothing is drawn beyond it, so it is a stub. Probably an extra earth lead of the lamp unit; it could also be a leader line."
21,Ignition switch relay,power,relay,terminals,87;86;30/51;85,n/a,read,book photo IMG_4720; scan p.407,"87 top-left and 86 top-right on the top edge; 30/51 bottom-left and 85 bottom-right on the bottom edge, directly below them. Open circles just inside the border; wires leave straight up (87, 86) and down (30/51, 85). Label '86' sits below and LEFT of its lead; '87' and '30/51' right of theirs; '85' above its circle, touching the right wall. '21' centred above the box. Two wires leave 85: 33 SV 0.75 straight down, and a diagonal down-left that the scan labels 263 SV 0.75 (runs to relay 102); the diagonal's join is hidden in the border, so it probably joins 85. No diode, resistor or 87a break contact is printed; nothing inside joins the coil circuit to the contact."
21,Ignition switch relay,power,relay,coil,86;85,n/a,read,book photo IMG_4720; scan p.407,"Horizontal rectangle in the right half at mid-height (about 40-59% down), its right end on the inner right wall. 86 drops into its top and 85 leaves its bottom on one vertical about 60% along it. Slash from the bottom edge about 40% along to the top edge about 80% along. Probably fed from ignition switch 20:54 (12 BR/VT) and earthed through 33 SV at 113:85."
21,Ignition switch relay,power,relay,contact,30/51;87,open,read,book photo IMG_4720; scan p.407,Normally open make contact in the left half. 87 drops to the fixed contact about 30% down; 30/51 rises to the pivot about 70% down. The blade leans up-left from the pivot and stops left of and a little below the fixed contact: plainly open. Probably switches the always-live bar 7-12 (10 GR 4.0) to bar 3-6 (11 VT 4.0) with the ignition on.
21,Ignition switch relay,power,relay,link,coil;blade,n/a,read,book photo IMG_4720; scan p.407,Mechanical link: a horizontal line of three dashes at mid-height from just right of the blade (it does not touch it) to the coil's left end.
22,Fuse box,power; lighting; signals; radio; wipers; climate; interior,fuse box,terminals,1;2;3;4;5;6;7;8;9;10;11;12,n/a,read,book photo IMG_4711; book photo IMG_4717,"All twelve printed labels are on the bottom edge, left to right, each number just right of its fuse's bottom terminal circle (the 12 touches the inner right border). Circles on 1-8 print as rings, on 9-12 as solid dots: ink fill, same symbol. Above each fuse sits an unlabelled junction circle just inside the top edge; the bars join these. ""22"" is printed large outside the right edge at mid-height. The manual prints nothing else inside the box: no relay, lamp, mechanical link or extra fuse. The unfused taps (94 BR, 202, 20, 7, 10, 280 GR) leave the bars without a fuse; the 3 A headlight-wiper fuse is separate component 65."
22,Fuse box,power; lighting,fuse box,fuse,top 1;1,n/a,read,book photo IMG_4711; book photo IMG_4717,"Printed 5A. No top wire: fed through bar 1-2 from fuse 2. Outputs: vertical 43 BL 0.75 (13 L), lower-left leg 42 BL 0.75 (14 L); the leg starts just under the terminal circle, inside the box."
22,Fuse box,power; lighting,fuse box,fuse,top 2;2,n/a,read,book photo IMG_4711; book photo IMG_4717; scan p.407,"Printed 5A. Top wire is bar 1-2's feed (route read in the photo; label 41 GN 1.0 only on the scan). Outputs: vertical 45 GN 0.75 (13 R), lower-left leg 44 GN 0.75 (14 R)."
22,Fuse box,power; signals,fuse box,fuse,top 3;3,n/a,probably,book photo IMG_4711; scan p.407,"Fuse and its joins are read; only the printed rating is a solid ink blot in the photo and the same blot on the scan. It is one digit wide with a rounded top and a pinhole where an 8's lower loop would be: fits 8, rules out 5 and 16, but is not legible. 8 A per fuses.csv (lid). Top: 94 BR 0.75 leaves upward, unfused. Outputs: lower-left leg 117 RD 1.5 (horns 40), vertical 135 VT 1.0 (switch 31; label read on the scan, cut off in the photo)."
22,Fuse box,power; wipers,fuse box,fuse,top 4;4,n/a,probably,book photo IMG_4711; scan p.407,"Fuse and its joins are read; the printed digit is a solid blot with no visible loop in the photo or scan, unreadable by itself. One digit wide, so not 16, and unlike the clean 5s. 8 A per fuses.csv (lid), probably what is printed. No top wire. Three outputs (labels on the scan only): left leg 85a BR 0.75 to motor 62:4, vertical 85 BR 1.0 to switch 61:53a, right leg 85a BR 0.75 to relay 83:85a."
22,Fuse box,power; interior,fuse box,fuse,top 5;5,n/a,read,book photo IMG_4711; scan p.407,"Printed 8A, the clearest 8 on the box. Top: 11 VT 4.0 (bar 3-6's feed) enters diagonally from the upper right into this circle. Outputs: left leg 140 GL 1.0 (seat heating 64), right leg 380 GL 1.0 (speed transmitter 140), vertical 380a GL 1.0 (switch 137; label on the scan only)."
22,Fuse box,power; climate,fuse box,fuse,top 6;6,n/a,read,book photo IMG_4711; scan p.407,"Printed 16A. No top wire. One vertical output, 103 BL 2.5 to fan switch 35 (label on the scan only)."
22,Fuse box,power; climate,fuse box,fuse,top 7;7,n/a,read,book photo IMG_4711,"Printed 16A; the 1 and 6 run together but the 6's loop is closed, so not 15. Top: 202 GR 1.5 enters here. Outputs: vertical 110 GL 1.5 (relay 38:30/51); lower-right leg 113 RD 0.75 (relay 38:86) starting right at the terminal circle."
22,Fuse box,power; climate,fuse box,fuse,top 8;8,n/a,read,book photo IMG_4711; scan p.407,"Printed 16A. Top wire unlabelled in the photo (up, left, up); 5a GR 2.5 from alternator B+ on the scan. One output, 210 RD 2.5 (relay 113:30)."
22,Fuse box,power; radio,fuse box,fuse,top 9;9,n/a,read,book photo IMG_4711,"Printed 8A. Top: 10 GR 4.0 comes in from the right and crosses fuse 10's feed with no dot. One output, 126 BL 1.0 (to 58 (B11))."
22,Fuse box,power,fuse box,fuse,top 10;10,n/a,read,book photo IMG_4711; scan p.407,"Printed 8A (the car has 16 A by Charlie's choice; fuses.csv). Top wire goes straight up, unlabelled in the photo; 5 GR 4.0 from alternator B+ on the scan. One output, 260 GR 1.5 (relay 102:30); its size is cut off in the photo and read on the scan. Faint marks near the top circle and left of the 10 are pencil or dirt."
22,Fuse box,power; signals,fuse box,fuse,top 11;11,n/a,read,book photo IMG_4711; scan p.407,"Printed 5A. Top wire goes up, then right, unlabelled in the photo; 20 GR 1.5 on the scan. One output runs straight down across the right-hand stack with no dots; 70 RD/VT 1.0 to flasher 23 (not in the photo; the scan trace reaches 23)."
22,Fuse box,power; signals,fuse box,fuse,top 12;12,n/a,read,book photo IMG_4711,"Printed 5A. Two top wires: 280 GR 1.5 comes from the left straight into the circle; 7 GR 2.5 comes from the right, angles down-left through the border and merges into the lead above the circle, with no circle of its own. One output, 131 RD 1.0 (brake light switch 29)."
22,Fuse box,power; lighting,fuse box,bar,top 1;top 2,n/a,read,book photo IMG_4711; book photo IMG_4717; scan p.407,Thin line joining the top circles of fuses 1 and 2 only; no line to 3. Fed at fuse 2 by 41 GN 1.0 from light switch 10:4 (label on the scan only); its feed crosses the 94 BR and 11 VT verticals with no dots. Probably live in the parking and headlamp positions.
22,Fuse box,power,fuse box,bar,top 3;top 4;top 5;top 6,n/a,read,book photo IMG_4711,"One thin line through the top circles of fuses 3-6, ending at 6; no line to 7. Fed at fuse 5 by 11 VT 4.0 from relay 21:87; 94 BR 0.75 leaves upward, unfused, at fuse 3 (label printed vertically, border notched round the 94). Nothing at the tops of 4 and 6. Probably live with the ignition on."
22,Fuse box,power; lighting,fuse box,bar,top 7;top 8;top 9;top 10;top 11;top 12,n/a,read,book photo IMG_4711; scan p.407,"One thin line through the top circles of fuses 7-12, ending at 12. Every one has a top wire: 7 = 202 GR 1.5, 8 = 5a GR 2.5, 9 = 10 GR 4.0, 10 = 5 GR 4.0, 11 = 20 GR 1.5, 12 = 280 GR 1.5 and 7 GR 2.5. Labels 202, 10, 280 and 7 are read in the photo; 5a, 5 and 20 only on the scan. Their crossings above the box have no dots. Probably always live (alternator and battery B+, DIN 30)."
24,Direction indicator switch,signals,switch,terminals,54;R;L,n/a,read,book photo IMG_4724; scan p.407,"54 at top centre just inside the top edge (about 52% across), label '54' to the right of its link; its wire leaves straight up. R on the bottom edge at about 34% across (letter R to its left); L on the bottom edge at about 73% (letter L to its right). Each bottom terminal has a straight wire down and a diagonal leaving the border just right of it (probably a second wire on the same terminal). No 30, 15 or 31 terminal is printed: the only feed is 54, from hazard switch 25 '+'. '54' is not the DIN number for this flasher-output node; record as printed."
24,Direction indicator switch,signals,switch,link,54;pivot,n/a,read,book photo IMG_4724; scan p.407,Short vertical stroke from the 54 terminal circle down to the lever pivot circle (about 30% down).
24,Direction indicator switch,signals,switch,changeover contact,54;R;L,open,read,book photo IMG_4724; scan p.407,"Common 54 (the lever, a thick bar hanging from the pivot to about 72% down); R and L are both work contacts, fixed circles at about 70% down. No rest contact: drawn centre-off, the lever ends free exactly midway between R and L and touches neither. Probably a left/off/right selector (lever to R feeds the RD/VT right-hand wires, to L the BL/VT left-hand ones); inferred from the symbol, not printed."
24,Direction indicator switch,signals,switch,link,R contact;R,n/a,read,book photo IMG_4724; scan p.407,Short vertical stroke from the fixed R contact down to the R terminal circle on the bottom edge.
24,Direction indicator switch,signals,switch,link,L contact;L,n/a,read,book photo IMG_4724; scan p.407,Short vertical stroke from the fixed L contact down to the L terminal circle on the bottom edge.
25,Hazard warning flasher switch,signals,switch,terminals,+;L;R,n/a,read,book photo IMG_4724; scan p.407,"'+' just inside the top edge at about 47% across (a plus sign printed to its right); its wire enters straight down and 73 GN enters diagonally just left of it (probably the same terminal). L and R on the bottom edge at about 62% and 77% across ('L' left of its circle, 'R' right of its circle in the corner). The lamp has a fourth terminal on the inner right edge at about 40% down with no printed label (69 SV to earth straight right, 52 SV diagonal just above it). No 30, 15 or 31 terminal is printed. '+' is not a DIN number and carries the pulsed flasher output, not battery +; record as printed."
25,Hazard warning flasher switch,signals,switch,link,+;pivot,n/a,read,book photo IMG_4724; scan p.407,Short vertical stroke from the '+' terminal circle down to the blade pivot circle (about 28% down).
25,Hazard warning flasher switch,signals,switch,contact,+;lamp contact,open,probably,book photo IMG_4724; scan p.407,"Lamp contact: top circle of the contact column, just below and right of the pivot, drawn like the R and L contacts (a contact face on its left, towards the pivot line). As printed the blade root and this contact merge in solid ink (photo and scan), which taken literally is closed with the lamp always on the flasher output. Probably open at rest and closed with the hazards on: the operated-position marks run straight down from the pivot through all three contacts, and a lamp fixed on the always-fed flasher output would glow with the ignition off and duplicate the 47:6 tell-tale. Check on the car."
25,Hazard warning flasher switch,signals,switch,contact,+;R,open,read,book photo IMG_4724; scan p.407,"The blade is a thick bar from the pivot down-left, ending free at about 26% across, 72% down (drawn open). R contact is the middle circle of the column (about 56% down). Operated, the blade probably swings counter-clockwise on the page to vertical and closes the lamp, R and L contacts together (inferred). Short vertical marks at the pivot x above and below the R contact, and a blob at the L contact lower left, are probably that operated-position line or contact faces, not characters."
25,Hazard warning flasher switch,signals,switch,contact,+;L,open,read,book photo IMG_4724; scan p.407,"Same blade, drawn open. L contact is the lowest circle of the column (about 75% down). Operated position: see the +;R row."
25,Hazard warning flasher switch,signals,switch,link,R contact;R,n/a,read,book photo IMG_4724; scan p.407,"Line right from the R contact to about 77% across, then down to the R terminal. Does not cross the L drop."
25,Hazard warning flasher switch,signals,switch,link,L contact;L,n/a,read,book photo IMG_4724; scan p.407,"Short line right from the L contact to about 62% across, then down to the L terminal."
25,Hazard warning flasher switch,signals,switch,lamp,lamp contact;lamp terminal,n/a,read,book photo IMG_4724; scan p.407,"Lamp in the upper right (centre about 70% across, 42% down), a short line left to the lamp contact and right to the unlabelled right-edge terminal. Printed as an ink-filled disc; its four white holes (top, left, right, bottom) fit the circle-with-X lamp symbol. Probably the hazard tell-tale."
29,Brake light switch,signals,switch,terminals,left;right,n/a,read,book photo IMG_4725; scan p.407,"No labels printed. Small open circles on the inside of the left and right borders, both a little below mid-height. The right one has a short white slot above it, like a '!'. 131 RD 1.0 enters the left. 132 RD 1.0 leaves the right, crosses a vertical without a dot, and runs to 58 (E12) row 2. Landscape box about 1.7:1 with a very heavy outline; the label 29 is above."
29,Brake light switch,signals,switch,contact,left;right,unreadable,unreadable,book photo IMG_4725; scan p.407,"The blade pivots at the left terminal and rises about 20 degrees to the upper right; from about halfway its upper edge merges with the top border. These parts are read. As printed, the blade's lower edge runs into the right contact's ring and no white gap shows in the photo or the scan. The white slot lies between the blade end and the right border. The geometry (the contact sits level with the pivot, below the rising blade) and the function both say it is probably normally open, closing when the pedal is pressed."
31,Reversing light switch,signals,switch,terminals,top;bottom,n/a,read,book photo IMG_4728; scan p.407,"No labels printed. Top: an open circle hanging from the inside of the top border at the centre; 135 VT 1.0 drops into it from 58 (E12) row 3. Bottom: an open circle on the inside of the bottom border at about the centre, with a white notch to its right. 136 VT 1.0 leaves it straight down, then turns right toward the left rear cluster. 138 BL 1.0 (from 58 (E12) row 4) enters the left border at the bottom terminal's height; there is no terminal circle at that point. Portrait box about 1:1.8 with a very heavy outline; the label 31 is to the right."
31,Reversing light switch,signals,switch,contact,top;bottom,open,read,book photo IMG_4728; scan p.407,"The blade pivots at the top terminal and runs down-right to the right wall about three-quarters of the way down. White runs between its tip and the bottom circle, and on into the notch below the tip. Probably normally open, closed in reverse gear."
31,Reversing light switch,signals,switch,link,bottom;left entry (138 BL),n/a,read,book photo IMG_4728; scan p.407,"A short internal line runs from the left border to the bottom circle at the height where 138 BL arrives (scan rows 3377-3379, just above the bottom border's top edge at 3382). In the photo the circle, the border and this line merge into one ink mass. So 138 sits on the switched side, with 136."
35,Ventilator fan switch,climate,switch,terminals,4;8;6;unlabelled,n/a,read,book photo IMG_4725; scan p.407,"4 on the left border at mid-height (103 BL 2.5 arrives from the left). On the right border, top to bottom: 8, 6 (level with 4), and an unlabelled terminal with no wire outside. Labels 8 and 6 sit inside the box just above their leads, beside the right border. The '4' is ink-filled but has a 4's shape in photo and scan; it sits above the lead between terminal 4 and the pivot circle. Square box (scan 145 x 145 px) with a very heavy outline. No lamp or other element is drawn."
35,Ventilator fan switch,climate,switch,changeover contact,4;unlabelled;8;6,rests on unlabelled,read,book photo IMG_4725; scan p.407,"Common 4: a short line from terminal 4 to an open pivot circle about a quarter of the way in. Rest: the unlabelled bottom-right terminal, reached by a solid thick blade running down-right to a filled dot, then a short line. Work: open contact circles on the leads of 8 (dashed line rising about 38 degrees) and 6 (horizontal dashed line). One blade with three positions, probably off (rest, nothing wired), full speed (8: 105 GL 2.5 straight to the motor) and low speed (6: 104 GR through resistor 74)."
36,Ventilator fan motor,climate,motor,terminals,upper;lower,n/a,read,book photo IMG_4728; scan p.407,"No labels printed. Two small open circles on the inside of the left border, near the top-left and bottom-left corners, level with 57 rows 1 and 3. Each lead leaves to the left, and both are unlabelled. Square box, heavy outline, label 36 to the right. No earth symbol is drawn at the motor, and no internal lines join the terminals to the fan symbol."
36,Ventilator fan motor,climate,motor,motor,upper;lower,n/a,read,book photo IMG_4728; scan p.407,"Fan symbol: a large centred circle with four black wedge blades, rotated about 10-15 degrees (there is a printing speck below it). The upper terminal is the feed: 105 GL through 57 row 1, where the low-speed path through 74 also rejoins. The lower terminal returns through 57 row 3 and 107 SV 2.5 to earth joint 158 (D6). No polarity marks are printed."
38,Radiator fan relay,climate,relay,terminals,87;30/51;85;86,n/a,read,book photo IMG_4720,"On the side walls: 87 top-left and 85 bottom-left on the left wall, 30/51 top-right and 86 bottom-right on the right wall. Top pair about 25% down the box, bottom pair about 75% down; wires leave sideways. Labels: '87' above-right of its circle, '30/51' below the 30/51 lead near the right wall, '85' and '86' above their leads. '38' centred above. Outside: 111 GN 1.5 (87) and 114 SV 0.75 (85) go left then down; 110 GL 1.5 (30/51) and 113 RD 0.75 (86) go right then down, 113 inside 110. Labels printed with decimal commas (1,5 and 0,75). No diode, resistor or 87a break contact is printed."
38,Radiator fan relay,climate,relay,contact,30/51;87,open,read,book photo IMG_4720,Normally open make contact across the top. 87 runs right to the fixed contact about 30% across; 30/51 runs left to the pivot about 70% across. The blade rises up-left from the pivot and ends clearly above the fixed contact (tip slightly right of it): plainly open. Probably switches fuse 7 (110 GL) to fan motor 37 via 59 (111 GN).
38,Radiator fan relay,climate,relay,coil,85;86,n/a,read,book photo IMG_4720,"Upright rectangle in the centre bottom (about 40-59% across), from mid-height down to the inner bottom wall. 85 runs straight in to its left side and 86 to its right side, both about 40% up the coil. Slash from the left side about 20% up to the right side about 60% up. Probably fed from fuse 7 (113 RD) and earthed by thermostat switch 39 through 114 SV, connector 60 and 114a BL."
38,Radiator fan relay,climate,relay,link,coil;blade,n/a,read,book photo IMG_4720,"Mechanical link: a vertical line of three dashes from the middle of the coil's top up to the underside of the blade, between the fixed contact and the pivot."
40 (D1),Horn,,other,terminals,right face upper (120 SV 1.0);right face lower (119 RD 1.0),n/a,read,scan p.407,"No book photo covers grid D1 (IMG_4710 to 4729), so this is read on the scan only. Same symbol as the E1 horn, with no internal element printed. The upper lead runs right, then down the outer vertical as 120 SV; the lower lead runs down the inner vertical as 119 RD. So here the red lead is below the black one, the reverse of E1. Not drawn on any sheet."
40 (E1),Horn,,other,terminals,top-right corner (119 RD 1.0);right face upper (117 RD 1.5);right face lower (120 SV 1.0);bottom-right corner (118 SV 1.5),n/a,read,book photo IMG_4715; scan p.407,"No terminal labels; all four leads are on the right side, listed top to bottom. No internal element printed (no winding): a heavy square with an empty inner square, a flared trumpet on the left and '40' above. Which leads share a terminal is not printed: probably the red pair (117, 119) is + and the black pair (118, 120) the return. 120 SV crosses 117 RD with no dot. Not drawn on any sheet; power.py names it only in the 117 RD tag."
41,Horn switch,,switch,terminals,top;bottom,n/a,read,book photo IMG_4723,"No labels printed. Two open circles inside a small portrait box: top centre (to earth symbol above) and bottom centre (118 SV 1.5 down to 58 (D8) pin 1). ""41"" printed to the right."
41,Horn switch,,switch,contact,top;bottom,open,read,book photo IMG_4723,"One straight blade from the bottom circle leaning up-left to the left inner wall, level with the bottom of the top circle; it does not reach it. Top circle runs up to an earth symbol. Probably the horn push: earths 118 SV (horns 40, + on 117 RD from fuse 3)."
44,Oil warning switch,instruments,sender,terminals,earth lead;signal lead (184),n/a,read,book photo IMG_4713,"No terminal circles or names. Earth lead leaves the left wall at the bottom corner, runs left, then down to an earth symbol (no cable number). Signal lead drops from the bottom wall at its right end and runs right as 184 BL 1.0."
44,Oil warning switch,instruments,sender,contact,earth lead;signal lead (184),n/a,probably,book photo IMG_4713,"Printed only as the sender symbol: one diagonal from the inner bottom-left to the inner top-right corner of the heavy square. No contact is drawn, so no rest state. Probably a pressure switch that closes to earth at low oil pressure and lights the oil lamp."
45,Temperature transmitter,instruments,sender,terminals,earth lead;signal lead (183),n/a,read,book photo IMG_4713; book photo IMG_4714,"No terminal circles or names. Earth lead leaves the left wall at the bottom corner, runs left, then down to an earth symbol (no cable number). Signal lead drops from the bottom wall at its right end and runs right as 183 GL 1.0."
45,Temperature transmitter,instruments,sender,resistor,earth lead;signal lead (183),n/a,probably,book photo IMG_4713; book photo IMG_4714,"Printed only as the sender symbol, the same as 44: one diagonal from the inner bottom-left to the inner top-right corner. Probably a temperature-dependent resistance to earth (NTC sender)."
57 (F11),3-pole connector,climate,connector,terminals,row 1 left;row 1 right;row 2 left;row 2 right;row 3 left;row 3 right,n/a,read,book photo IMG_4725; scan p.407,"No pin numbers printed. Tall box (about 1:1.4, scan 83 x 118 px) with a very heavy outline and a thin inner outline at top and bottom. Three evenly spaced rows, each with a filled dot on the left and right inner edges. Left side, from switch 35: 105 GL 2.5 (row 1), 104 GR 1.0 (row 2), and 107 SV 2.5 (row 3), which comes down a vertical just left of the box, crosses rows 1 and 2 without dots, and turns right into row 3. Right side: rows 1 and 3 run straight to motor 36, and row 2 goes up into 74's right lead. 74's left lead lands on the top edge at the top-left corner (pin unreadable). The label 57 is above the box, between 74's two leads."
57 (F11),3-pole connector,climate,connector,link,row 1 left;row 1 right,n/a,read,book photo IMG_4725; scan p.407,Carries 105 GL 2.5 from 35:8 to 36's upper terminal. 74's output probably rejoins this node at the top-left corner.
57 (F11),3-pole connector,climate,connector,link,row 2 left;row 2 right,n/a,read,book photo IMG_4725; scan p.407,Carries 104 GR 1.0 from 35:6. The right side goes only up into 74's right lead.
57 (F11),3-pole connector,climate,connector,link,row 3 left;row 3 right,n/a,read,book photo IMG_4725; scan p.407,Carries 107 SV 2.5 from earth joint 158 (D6) to 36's lower terminal. This is the fan motor's earth return.
58 (B11),12-pole connector,radio,connector,terminals,row 1 left;row 1 right;row 2 left;row 2 right;row 3 left;row 3 right;row 4 left;row 4 right;row 5 left;row 5 right,n/a,read,book photo IMG_4726; scan p.407,"No pin numbers are printed, so the names are positional (rows top to bottom). Tall narrow box with ""58"" centred above it. Five evenly spaced pin rows, each with a filled dot just inside the left edge and another just inside the right edge. The bottom edge is drawn as heavy dashes: probably the connector continues and only 5 of its 12 pins are drawn here. The small jogs in the side lines carry no meaning that could be read."
58 (B11),12-pole connector,radio,connector,link,row 1 left;row 1 right,n/a,read,book photo IMG_4726; scan p.407,Pass-through. 44 GN 0.75 drops from above and turns into the left pin (the number is cut off in the photo; the scan reads 44 GN 0.75) and leaves on the right as 44 GN 0.75. Its vertical is the one nearer the connector.
58 (B11),12-pole connector,radio,connector,link,row 1 left;50 GN 0.75,n/a,probably,book photo IMG_4726; scan p.407,"A second wire comes in from the left just below row 1 and rises diagonally into the heavy left frame about 45 px (photo) below the row 1 pin. The join is hidden in the frame, but the slope points at the pin. The number comes from the scan: 50 GN 0.75, on the vertical that runs down past lighter 48."
58 (B11),12-pole connector,radio,connector,link,row 2 left;row 2 right,n/a,read,book photo IMG_4726; scan p.407,"Pass-through. 42 BL 0.75 drops from above (the photo shows ""..L 0.75""; the scan reads 42 BL 0.75) on the vertical further left, turns into the left pin and leaves on the right as 42 BL 0.75. The row 1 diagonal's horizontal crosses its vertical with no dot."
58 (B11),12-pole connector,radio,connector,link,row 3 left;row 3 right,n/a,read,book photo IMG_4726; scan p.407,"126 BL 1.0 enters the left pin from the left. From the right pin, a line runs right a short way, then up to the end of the 160 GL 0.75 horizontal (a plain corner), so 160 GL leaves the pin that 126 BL enters."
58 (B11),12-pole connector,radio,connector,link,row 3 left;126a BL 1.0,n/a,probably,book photo IMG_4726; scan p.407,"A second wire leaves the left frame about 53 px (photo) below the row 3 pin, runs diagonally down-left, then left, then straight down to lighter 48. The join is hidden in the frame, but the slope points at the pin. The label is from the scan (126a BL 1.0 beside 48); the photo shows only its final ""0"". It leaves on the same (left) side as 126, not through the connector."
58 (B11),12-pole connector,radio,connector,link,row 4 left;row 4 right,n/a,read,book photo IMG_4726,Pass-through. An unlabelled line comes in on the left (its label is outside the photo); 186 BR 0.75 leaves on the right.
58 (B11),12-pole connector,radio,connector,link,row 5 left;row 5 right,n/a,read,book photo IMG_4726,Pass-through. An unlabelled line comes in on the left; 185 GR 0.75 leaves on the right. At the right edge of the photo it turns down toward a heavy box that is probably 3-pole connector 57.
58 (D8),12-pole connector,,connector,terminals,1;2;3;4;5;6;7;8;9;10;11,n/a,read,book photo IMG_4723; scan p.407,"No pin numbers printed: numbered 1-11 left to right in drawing order only. Pin 1 alone at the left; 2, 3, 4 at a tight pitch; 5 alone about three pitches right of 4; 6-11 at the right end. ""58"" printed above the gap between pins 1 and 2. Only 11 pins drawn for a 12-pole connector. Upper side = switch side (41, 61); lower side = harness."
58 (D8),12-pole connector,,connector,link,118 SV 1.5 (41 bottom);118 SV 1.5 (to horn 40),n/a,read,book photo IMG_4723; book photo IMG_4715,Pin 1. Labelled above and below; below it runs down then left. IMG_4715 shows 118 SV 1.5 at horn 40.
58 (D8),12-pole connector,,connector,link,88 BL 0.75 (61:31b);88 BL (to relay 83),n/a,read,book photo IMG_4723,"Pin 2. Lower run unlabelled, down then left."
58 (D8),12-pole connector,,connector,link,nothing drawn above;96 GR 0.75 (to 67:86),n/a,probably,book photo IMG_4723; scan p.407,"Pin 3. Nothing enters from the switch side. Below, a line leaves the lower edge about 35 px (photo) right of pin 3, jogs down-left and runs down directly under pin 3, then left, labelled 96 GR 0.75. Probably pin 3, fed from 61:S with the upper line left off the drawing."
58 (D8),12-pole connector,,connector,link,91 GL 0.75 (61:54c);91 GL (to relay 83),n/a,read,book photo IMG_4723,"Pin 4. Lower run unlabelled, down then left."
58 (D8),12-pole connector,,connector,link,85 BR 1.0 (61:53a);85 BR 1.0 (to fuse 4),n/a,read,book photo IMG_4723,"Pin 5. Labelled above and below; below it runs down then left, crossing 96 GR with no dot."
58 (D8),12-pole connector,,connector,link,"85 BR 1.0 (pin 5, lower side);182 BR/VT 0.75",n/a,read,book photo IMG_4723; scan p.407,"Branch: leaves the lower edge about 50 px (photo) right of pin 5, jogs down-right, runs right under the connector crossing pins 6-10 with no dots, and turns up at photo x 2145 (instrument supply)."
58 (D8),12-pole connector,,connector,link,87 GN 1.0 (61:53b);87 GN (to motor 62:3),n/a,read,book photo IMG_4723; scan p.407,"Pin 6. Continues straight down. Where pin 8's lower run crosses it both lines are broken, no junction."
58 (D8),12-pole connector,,connector,link,86 RD 1.0 (61:53);86 RD (to motor 62:5),n/a,read,book photo IMG_4723,Pin 7. Continues straight down.
58 (D8),12-pole connector,,connector,link,84 GN/VT 0.75 (61:INT);84 GN/VT (to relay 83),n/a,read,book photo IMG_4723; scan p.407,"Pin 8. Below it runs down, then left at photo y 2555, crossing pins 7 and 6 without junctions."
58 (D8),12-pole connector,,connector,link,"32 VT 0.75 (from the left, above);32 VT 0.75 (down)",n/a,read,book photo IMG_4723,Pin 9. Labelled on both sides; the upper side comes from a horizontal run from the left.
58 (D8),12-pole connector,,connector,link,"78 RD/VT 1.0 (top run);78 RD/VT 1.0 (right, below)",n/a,probably,book photo IMG_4723,"Pin 10. Through wire, turns right below at photo y 2620. Colour and size read; the 78 is smudged above and below (probably 78)."
58 (D8),12-pole connector,,connector,link,"75 BL/VT 1.0 (top run);75 BL/VT 1.0 (right, below)",n/a,read,book photo IMG_4723,"Pin 11. Through wire, turns right below at photo y 2535."
58 (E12),12-pole connector,signals; interior,connector,terminals,row 1 left;row 1 right;row 2 left;row 2 right;row 3 left;row 3 right;row 4 left;row 4 right,n/a,read,book photo IMG_4725; book photo IMG_4728; scan p.407,"No pin numbers printed, and only 4 of the 12 poles are drawn. Tall box with a heavy outline; its top edge is dashed (the optional seat-heating pin) and there is a thin inner outline at the bottom. The label 58 is below. The rows are unevenly spaced: row 1 is near the top, rows 2 and 3 are close together about halfway down, and row 4 is near the bottom. Each row has a filled dot on both inner edges. In IMG_4728, 138 is the third line leaving to the right, because row 1's right side leaves upward."
58 (E12),12-pole connector,signals; interior,connector,link,row 1 left;row 1 right,n/a,read,book photo IMG_4725; book photo IMG_4728; scan p.407,"140 GL 1.0 from fuse 5 (labelled on the left). The right side leaves upward, toward 59 and seat heating 64. It sits next to the dashed top edge."
58 (E12),12-pole connector,signals; interior,connector,link,row 2 left;row 2 right,n/a,read,book photo IMG_4725; book photo IMG_4728; scan p.407,"132 RD 1.0 from brake light switch 29 (labelled on the left), on toward the rear lamp clusters. The right side is labelled '132 RD 1.0' again."
58 (E12),12-pole connector,signals; interior,connector,link,row 3 left;row 3 right,n/a,read,book photo IMG_4725; book photo IMG_4728; scan p.407,"135 VT 1.0 from fuse 3 (labelled on the left), on to reversing light switch 31's top terminal (labelled '135 VT 1.0' on the right)."
58 (E12),12-pole connector,signals; interior,connector,link,row 4 left;row 4 right,n/a,read,book photo IMG_4725; book photo IMG_4728; scan p.407,"138 BL 1.0. The left side is labelled here and runs left across the page to the top-right corner of 58 (E2). The right side runs right, then down (labelled '138 BL 1.0' vertically), then right into 31's bottom terminal."
61,Wiper system switch,wipers,switch,terminals,31b;S;54c;53a;INT;53;53b,n/a,probably,book photo IMG_4723; scan p.407,"Bottom edge, left to right: 31b (x 0.13; only the 3 is clear, probably 31b), S (0.23; S read), 3rd terminal (0.33; label unreadable, lost in an ink blob; probably 54c as on the GLE symbol), 53a (0.63; no label of its own, tied inside to the circle printed 53a). Right edge, top to bottom: INT (y 0.25), 53 (0.42), 53b (0.59); positions read, labels unreadable, probably INT/53/53b from the GLE symbol, the wire colours and the position lines. Wires: 88 BL on 31b, 91 GL on 54c, 85 BR on 53a (all down to 58 (D8)); 84 GN/VT on INT, 86 RD on 53, 87 GN on 53b (right, then down). S has no wire drawn. Not printed: no handle, no position numbers."
61,Wiper system switch,wipers,switch,link,53a;53a circle,n/a,read,book photo IMG_4723,"Thin line from the circle printed 53a (0.73, 0.78) down, then diagonally down-left to the 53a bottom terminal (85 BR feed). The 53a circle is also the pivot of the washer blade and the foot of the 53a contact stack."
61,Wiper system switch,wipers,switch,bar,31b;lever,rests on U,read,book photo IMG_4723; scan p.407,"Main lever: thick bar from open circle S0 (0.17, 0.82) up-right to a rounded tip (0.84, 0.09); pivot boss at (0.51, 0.44) where the position lines meet; white slot in two parts either side of the boss. S0 and circle R (0.12, 0.65) both join 31b by thin lines. Drawn position is probably 0 (off)."
61,Wiper system switch,wipers,switch,contact,31b;U,closed,read,book photo IMG_4723,"U (0.30, 0.56) is joined to the lever by a solid neck, so at rest 31b reaches U. Probably the park/brake contact: still made in position 1 (the lever end then sits on R), open in 2 and 3. The strokes beside R and U are dashes of position line 1, not a contact."
61,Wiper system switch,wipers,switch,link,U;T1,n/a,read,book photo IMG_4723,"Inverted L: up from U at x 0.30 to near the top, right to 0.92, down, diagonal down-left to (0.81, 0.22), down to blob T1 (0.80, 0.41). The short stroke pointing left at (0.77, 0.30) is where position line 1 crosses it, not a contact."
61,Wiper system switch,wipers,switch,contact,T1;53,open,read,book photo IMG_4723; scan p.407,"Printed with a gap (about 26 px photo) between T1 and the 53 finger; the scan agrees. Probably meant to be joined: the park and brake path 88 BL, 31b, 53, 86 RD to motor 5 needs 31b-53 closed in positions 0 and 1, and the GLE symbol draws the L solid into 53. Car check."
61,Wiper system switch,wipers,switch,contact,53a;INT,open,probably,book photo IMG_4723,"Top contact of the 53a stack (flat-topped, x 0.71, y 0.33), the stroke on the L and the INT finger lie on position line 1. Probably position 1 (interval): 53a to INT, 84 GN/VT to relay 83."
61,Wiper system switch,wipers,switch,contact,53a;53,open,probably,book photo IMG_4723,"Middle 53a diamond (y 0.42), T1 and the 53 finger lie on the lower dashed line. Probably position 2 (slow): 53a to 53, 86 RD to motor 5."
61,Wiper system switch,wipers,switch,contact,53a;53b,open,probably,book photo IMG_4723,"Bottom 53a diamond (y 0.52), one dash and the 53b finger lie on the upper dashed line. Probably position 3 (fast): 53a to 53b, 87 GN to motor 3."
61,Wiper system switch,wipers,switch,contact,53a;S,open,probably,book photo IMG_4723,"Blob F (0.60-0.65, 0.43-0.53) faces the middle and bottom 53a diamonds with a gap and sits on the upper dashed line. Probably position 3: S fed at fast speed (manual text, GLE)."
61,Wiper system switch,wipers,switch,link,F;Q,n/a,read,book photo IMG_4723,"Thin straight line from F down-left into the top of circle Q (0.49, 0.80)."
61,Wiper system switch,wipers,switch,link,S;Q,n/a,read,book photo IMG_4723,"From the S terminal up-right to (0.36, 0.73), across to (0.46, 0.73), then down into Q."
61,Wiper system switch,wipers,switch,link,P;Q,closed,read,book photo IMG_4723; scan p.407,"Solid line between P (0.41, 0.80) and Q, in the photo and on the scan. As printed it ties S to 54c (91 GL). The GLE symbol keeps them apart, and with this link fast wipe would run the washer pump: probably a drafting error. Car check."
61,Wiper system switch,wipers,switch,link,54c;P,n/a,read,book photo IMG_4723,"Thin line from P down-left into the 3rd bottom terminal; its last few px are inside an ink blob, so the join is read from its direction."
61,Wiper system switch,wipers,switch,contact,53a;Q,open,probably,book photo IMG_4723,"Washer blade: short thick bar pivoting at the 53a circle, running down-left to the bottom edge under P. A finger on it faces Q across a gap (about 25 px photo). Probably position 4 (pull, spring return): 53a feeds S and 54c. Its lower-left end merges with the border next to 54c (unreadable), but it must not touch 54c at rest."
64,Seat heating element with thermostat,interior,heater,terminals,U1;U2;L1;L2,n/a,read,book photo IMG_4729; scan p.407,"No labels printed; names ours: the open circles at each end of the two heating elements (U upper, L lower; 1 = thermostat end, 2 = connector 59 end). The thermostat box sits at the left with '64' to its left; its leads leave the right side at the top (to U1) and the bottom (to L1). U2 goes to 59's upper row (141 SV 1.0 beyond), L2 to 59's lower row (140 GL 1.0 beyond). The photo cuts off at the box's right edge; the elements and labels are read on the scan."
64,Seat heating element with thermostat,interior,heater,thermostat,U1;L1,open,read,book photo IMG_4729; scan p.407,"Top contact circle hangs from the top wall; a thick blade slants from it down to the right and runs into the right inner wall, well clear of the bottom contact circle on the centre of the bottom wall. Drawn open. Probably the warm state: a seat heater thermostat is closed when cold, and it is the only control in this circuit."
64,Seat heating element with thermostat,interior,heater,resistor,U1;U2,n/a,read,scan p.407,Upper heating element: a meander with three square humps between open circles U1 and U2. Probably one of the cushion and backrest pads.
64,Seat heating element with thermostat,interior,heater,resistor,L1;L2,n/a,read,scan p.407,"Lower heating element, same shape. Series path: 140 GL, L2, lower element, L1, thermostat, U1, upper element, U2, 141 SV to earth."
66 lower,Headlight wiper motor,wipers,motor,terminals,pin 1;pin 2;pin 4,n/a,read,book photo IMG_4710; scan p.407,"No pin numbers printed; names are ours, by the row of lower 123 each pin meets. Only three pins, on the inside of the heavy right end wall: rows 1 and 2, then a one-row gap, then the return pin at the 4th row position (no pin 3). Otherwise the same as the upper motor, including the non-electrical diagonal stroke at the upper left (probably the shaft)."
66 lower,Headlight wiper motor,wipers,motor,motor,resistor;pin 4,n/a,read,book photo IMG_4710,Circle marked M in the round left end of the housing. Its upper-right lead goes to the resistor; its lower-right lead runs straight along the bottom of the housing to pin 4 (the return: 99a SV to earth).
66 lower,Headlight wiper motor,wipers,motor,resistor,J;motor,n/a,read,book photo IMG_4710,"J is the filled junction dot on the top lead. Small rectangle just under the housing top, crossed by a diagonal that overshoots both ends (lower-left end touches the motor circle, upper-right end the housing top): a variable/non-linear resistor symbol with no marking. Probably a thermal (PTC) overload in series with the motor."
66 lower,Headlight wiper motor,wipers,motor,diode,pin 1;J,n/a,read,book photo IMG_4710,"In the top lead between J (left) and pin 1 (right). Bar on the J side; triangle with its wide base on the pin 1 side, pointing left: conducts pin 1 to J (anode pin 1, cathode J). Probably stops the park feed at J back-feeding 98/97."
66 lower,Headlight wiper motor,wipers,motor,park switch,pin 2;J,open,read,book photo IMG_4710,"Pivot circle level with pin 2, joined to it by a horizontal line. The thick blade slants down to the right and stops just up and to the right of the fixed contact, which sits directly below the pivot. The fixed contact joins J by an L-shaped line (down from J, then right). Probably closes once the motor leaves park, so + on pin 2 (95a/95b) runs it on until it parks."
66 upper,Headlight wiper motor,wipers,motor,terminals,pin 1;pin 2;pin 3;pin 4,n/a,read,book photo IMG_4710; scan p.407,"No pin numbers printed; names are ours, counted top to bottom to match the rows of upper 123. Open circles on the inside of the heavy right end wall, evenly spaced; each runs straight right to the same row of upper 123. Pin 3 has nothing inside (97 BR leaves it on the outside only). The thick diagonal stroke at the housing's upper left is not electrical (probably the wiper shaft). The manual prints no link from pin 3 to pin 1, so none is listed here."
66 upper,Headlight wiper motor,wipers,motor,motor,resistor;pin 4,n/a,read,book photo IMG_4710,Circle marked M in the round left end of the housing. Its upper-right lead goes to the resistor; its lower-right lead runs straight along the bottom of the housing to pin 4 (the return: 99 SV to earth).
66 upper,Headlight wiper motor,wipers,motor,resistor,J;motor,n/a,read,book photo IMG_4710,"J is the filled junction dot on the top lead. Small rectangle just under the housing top, crossed by a diagonal that overshoots both ends (lower-left end touches the motor circle, upper-right end the housing top): a variable/non-linear resistor symbol with no marking. Probably a thermal (PTC) overload in series with the motor."
66 upper,Headlight wiper motor,wipers,motor,diode,pin 1;J,n/a,read,book photo IMG_4710,"In the top lead between J (left) and pin 1 (right). Bar on the J side; triangle with its wide base on the pin 1 side, pointing left: conducts pin 1 to J (anode pin 1, cathode J). Probably stops the park feed at J back-feeding 98/97."
66 upper,Headlight wiper motor,wipers,motor,park switch,pin 2;J,open,read,book photo IMG_4710,"Pivot circle level with pin 2, joined to it by a horizontal line. The thick blade slants down to the right and stops just up and to the right of the fixed contact, which sits directly below the pivot. The fixed contact joins J by an L-shaped line (down from J, then right). Probably closes once the motor leaves park, so + on pin 2 (95a/95b) runs it on until it parks."
67,"Relay, headlight wiper motor",wipers,relay,terminals,87;88;85;87a;88a;86,n/a,read,book photo IMG_4717; scan p.407,"Square box. On the left edge, top to bottom: 87, 88, 85. On the right edge, top to bottom: 87a, 88a, 86. 85 and 86 are level, near the bottom; 88 and 88a are level; 87a sits a little higher than 87. In IMG_4717 '85' prints like '65' (the scan reads 85). 87a has no external wire. The manual prints no other element."
67,"Relay, headlight wiper motor",wipers,relay,contact,87;87a,closed,read,book photo IMG_4717; scan p.407,"Upper blade, pivoted at an inner circle with a short lead to 87. It slants up to the right and its tip touches the 87a fixed-contact circle, which has a short lead to the 87a terminal. 87a has no external wire, so on this diagram the contact switches nothing."
67,"Relay, headlight wiper motor",wipers,relay,contact,88;88a,open,read,book photo IMG_4717; scan p.407,"Lower blade, pivoted at an inner circle with a short lead to 88. It slants up to the right and its tip stops clearly above the 88a fixed-contact circle, which is level with the pivot. Make contact, although DIN 72552 uses 88a for a break output. It probably switches + from 88 (95, after the 3 A fuse) onto 98 GL to run the motors."
67,"Relay, headlight wiper motor",wipers,relay,coil,85;86,n/a,read,book photo IMG_4717; scan p.407,"Upright rectangle with a lower-left to upper-right diagonal, standing on the inner bottom border at the centre. Horizontal leads run left to 85 and right to 86. Fed at 86 by 96 GR from wiper switch 61. Earthed at 85 through the 85-87 link and 100 SV."
67,"Relay, headlight wiper motor",wipers,relay,link,coil;88 blade;87 blade,n/a,read,book photo IMG_4717; scan p.407,"Mechanical link, not a conductor: a dashed vertical from the middle of the coil's top up through the lower blade to the upper blade."
67,"Relay, headlight wiper motor",wipers,relay,link,85;87,n/a,read,book photo IMG_4717; scan p.407,"Conductor drawn outside the box, on the left. 87's lead runs left, turns down at a corner, crosses 88's lead and the 95 diagonal without joining, and meets 85's lead in a plain T. That gives the coil its earth through 87 and 100 SV. The jumper is read. Its cable number is probably 100a: '100a SV 0.75' is printed on a tail below the T, whose arrowhead points up at the T and whose lower end is free."
73,"Service outlet, ignition",,connector,terminals,4;5;6;1;2;3,n/a,read,book photo IMG_4717; scan p.407,"Six open-circle pins on the inside of a heavy ring, numbers printed beside them, clockwise from 12 o'clock: 4 (12), 5 (2), 6 (4), 1 (6), 2 (8), 3 (10). No internal elements: a plain socket. 1: 280 GR 1.5 down then right. 2: 281 SV 1.5 in at 8 o'clock. 3: 282 GL 1.0 ends on the ring at about 10:30, nearest pin 3 (probably pin 3). 4: its own line straight up, unlabelled at 73 (probably 283 GN/VT 0.75 from 58 (A4) pin 4). 5: 204 GL 0.75 leaves level with the pin; 284a BL 0.75 leaves diagonally just above it (probably pin 5 too). 6: no wire. A small light mark in the ring under pin 1 (photo and scan) is unreadable, probably a print flaw. Not drawn on any sheet yet (only tagged on power and ignition)."
74,"Resistance, low speed, ventilator fan",climate,other,terminals,left lead;right lead,n/a,read,book photo IMG_4725; scan p.407,"No labels printed. The leads leave the left and right ends of a small landscape box (about 1.8:1, very heavy outline) above 57 (F11); the label 74 is above it. Right lead: right, down, across 57's row-1 right line without a dot, then left into 57 row 2 right. Left lead: left, then straight down onto 57's top edge at the top-left corner, where it merges into the heavy outline with no dot. Which pin the left lead joins is unreadable. It is probably row 1: joining row 2 would short the resistor out, and joining row 3 (earth) would short the low-speed feed."
74,"Resistance, low speed, ventilator fan",climate,other,resistor,left lead;right lead,n/a,read,book photo IMG_4725; scan p.407,"Square-wave meander of about two loops between an open circle at each inner end of the box. It is in series in the low-speed path: 35:6, 104 GR, 57 row 2, 74, then back into 57 at the top-left corner."
89,Start inhibitor relay,ignition,relay,terminals,85;87;87a;86;30,n/a,read,book photo IMG_4716; book photo IMG_4717; scan p.407,"Square box. 85, 87 and 87a sit on the top edge, left to right, at about 25%, 50% and 75% of the width. 86 and 30 sit on the bottom edge at about 25% and 77%. The '87' glyphs overlap the 87 terminal. 87a is printed as '87' with a small 'a' below it. The manual prints nothing else inside 89 (no starter solenoid, resistor or diode). The empty, unnumbered square of the same size to its right is not part of 89."
89,Start inhibitor relay,ignition,relay,coil,85;86,n/a,read,book photo IMG_4716; book photo IMG_4717; scan p.407,"Horizontal rectangle with a lower-left to upper-right diagonal. It runs from the inner left border to about mid-width, centred vertically. A vertical lead from 85 comes down onto its top, and one from its bottom goes down to 86. Earthed at 85 by 201 SV. Energised at 86 by 122 GL from ignition switch 50 (the scan trace supports 122)."
89,Start inhibitor relay,ignition,relay,contact,30;87,open,read,book photo IMG_4716; book photo IMG_4717; scan p.407,"Left blade. Its pivot circle is at the bottom and it leans right. Its fixed-contact circle is up-left of the tip, with a clear gap, and has a diagonal lead up-left to 87. Normally open. It probably feeds 122a to the starter solenoid, plus 271 and 282, while cranking."
89,Start inhibitor relay,ignition,relay,contact,30;87a,open,read,book photo IMG_4716; book photo IMG_4717; scan p.407,"Right blade, drawn the same way as the left one. Its fixed-contact circle has a vertical lead up to 87a. It is printed as a second normally open contact, even though DIN 72552 uses 87a for a break contact. It probably feeds 394 to bypass ballast resistor 147 only while cranking (30 is always live)."
89,Start inhibitor relay,ignition,relay,bar,30;87 blade pivot;87a blade pivot,n/a,read,book photo IMG_4716; book photo IMG_4717; scan p.407,"A short line joins the two pivot circles. Only the right pivot drops to 30, so 30 feeds both blades. A small solid dot is printed just below this bar, left of centre, with nothing attached. Its meaning is unreadable, so leave it off."
89,Start inhibitor relay,ignition,relay,link,coil;87 blade;87a blade,n/a,read,book photo IMG_4716; book photo IMG_4717; scan p.407,"Mechanical link, not a conductor. A short solid stub leaves the coil's right side at mid-height and stops short of the left blade. Then come two dashes, both between the blades. The coil probably swings both blades left onto their contacts; the direction is not printed."
92,Thermo time switch,ignition,switch,terminals,upper (271);lower (273);earth lead,n/a,read,book photo IMG_4712; scan p.407,"No terminal names printed. Upper and lower open circles just inside the right wall, about 25% and 75% down: 271 RD 1.0 at the upper, 273 GR 0.75 at the lower. The earth lead (no circle, no cable number) enters the left wall level with the upper terminal, runs left outside, then down to an earth symbol. Heavy wall only, no thin inner outline."
92,Thermo time switch,ignition,switch,contact,earth lead;bar (to 273),closed,read,book photo IMG_4712,"A vertical from the internal earth line at about 32% of the inner width ends in a round blob resting on the raised left (free) end of the bar; no gap, so closed as drawn. Probably closed when cold, earthing cold-start valve 94 through 273."
92,Thermo time switch,ignition,switch,bar,contact;lower (273),n/a,read,book photo IMG_4712,"Thick black bar along the bottom of the box from about 22% of the inner width to the lower terminal, whose circle sits in its right end; left end raised under the contact blob. Probably the bimetal strip."
92,Thermo time switch,ignition,switch,winding,upper (271);earth lead,n/a,probably,book photo IMG_4712,"Square wave wound round the bar (two loops above, three bumps below). Left end: a vertical up to the internal earth line at about 43% of the width. Right end: a riser at about 90% going up, then a diagonal into the upper terminal. Its loops merge into the black bar, so its separation from the bar and 273 rests on drawing convention. Probably the heating winding, live while cranking."
92,Thermo time switch,ignition,switch,resistor,upper (271);lower (273),n/a,unreadable,book photo IMG_4712,"Second square wave with two downward U-loops in the upper right quarter. Its top line meets the upper terminal; its left leg drops to a return line at about 45% height, which crosses the heater riser (no dot, probably a crossing) and ends in a vertical inside the right wall down to the lower terminal. What it is cannot be read (a second heater, or only a thermal symbol). It cannot be a plain wire: that would short 271 to earth through the closed contact."
95,Auxiliary air regulator,ignition,heater,terminals,upper (265);lower (266),n/a,read,book photo IMG_4713; scan p.407,"No terminal names printed (""+"" in wires.csv is a data convention). Open circles just inside the right wall of the right section, about 20% and 80% down: 265 GR 0.75 at the upper, 266 SV 0.75 (to the central earth star) at the lower. Stepped outline: tall flange with a white slot on the left, shorter section (about 80% of the height) on the right."
95,Auxiliary air regulator,ignition,heater,winding,upper (265);lower (266),n/a,read,book photo IMG_4713,"The manual's winding symbol (as relay 89's coil and cold-start valve 94): a thin rectangle open to the right wall, with a slash from the bottom edge at about 30% to the top edge at about 65%; L-shaped leads from the middle of its top edge to the upper terminal and from the middle of its bottom edge to the lower terminal. Probably the heating element of the bimetal, live while the fuel pump relay is on."
96,Warming-up regulator,ignition,heater,terminals,upper (267);lower (268),n/a,read,book photo IMG_4713; scan p.407,"No terminal names printed (""+"" in wires.csv is a data convention). Drawn identical to 95: circles just inside the right wall about 20% and 80% down; 267 GR 0.75 at the upper, 268 SV 0.75 (to the central earth star) at the lower."
96,Warming-up regulator,ignition,heater,winding,upper (267);lower (268),n/a,read,book photo IMG_4713,"Same winding symbol as 95: rectangle open to the right wall, slash from the bottom edge at about 30% to the top edge at about 70%, L-leads from mid top edge to the upper terminal and mid bottom edge to the lower terminal. Probably the heating element of the bimetal."
113,"Relay, electrically heated rear window",climate,relay,terminals,30;85;87;86,n/a,read,"book photo IMG_4718, IMG_4720, IMG_4722; scan p.407","30 top-left and 85 top-right on the inner top edge; 87 bottom-left and 86 bottom-right on the inner bottom edge. Left column is the contact (30 over 87), right column the coil (85 over 86). Labels 30 and 87 sit right of the left stem, 85 and 86 left of the right stem. Bold 113 below-left outside the heavy frame. No 87a, diode or resistor printed. Cables: 210 RD 2,5 at 30; 33 SV 0,75, 212 SV 0,75 and 13 SV 0,75 all at 85; 211 GL 2,5 at 87; 213 BL 0,75 at 86."
113,"Relay, electrically heated rear window",climate,relay,coil,85;86,n/a,read,"book photo IMG_4718, IMG_4720, IMG_4722","Rectangle with one / slash (lower left to upper right); its right side is the inner frame. The 85 stem drops onto its top edge and the 86 stem leaves its bottom edge on one vertical, about 60% of the way across the coil, not at the middle. Probably 86 takes the switched + from switch 116 (213 BL) and 85 goes to earth through 212 SV to joint 158."
113,"Relay, electrically heated rear window",climate,relay,contact,30;87,open,read,"book photo IMG_4718, IMG_4720, IMG_4722","Normally open. A stem runs from 30 down to a pivot (small open circle); a thick blade slants down-left from it and ends free about two-thirds down the box, left of the fixed-contact circle. That circle is directly below the pivot, with a stem to 87. Probably switches fuse 8 (210 RD) through to heated window 115 (211 GL) when the coil is energised."
113,"Relay, electrically heated rear window",climate,relay,link,coil;30-87 blade,n/a,read,"book photo IMG_4718, IMG_4720, IMG_4722","Mechanical, not electrical: a horizontal dashed line of exactly 3 dashes at mid-height, starting a small gap right of the blade; the third dash touches the coil's left edge."
116,"Switch, electrically heated rear window",climate,switch,terminals,left;middle;right,n/a,read,book photo IMG_4726; scan p.407,"No terminal numbers are printed (photo and scan), so the names are positional. Three small open circles, all on the inside of the bottom edge, at about 17%, 43% and 69% of the box width. Left: 215 SV 0.75 (lamp). Middle: 213 BL 0.75 (middle contact). Right: 203 BL 0.75 and 214 BL 0.75, which fork as an inverted V just below the frame (203 on the left branch, 214 on the right). There are no terminals on the top, the sides or the right quarter. The right terminal is probably the + feed (214, source not traced). Nothing else is printed inside."
116,"Switch, electrically heated rear window",climate,switch,lamp,left;lamp contact,n/a,read,book photo IMG_4726; scan p.407,"Bulb symbol (circle with an X) at the far left, at mid-height, about a third of the inner height across. Its bottom drops straight to the left terminal. Its right side runs a short line (leaving just below the bulb centre) to the lamp contact, a small open circle with a stub pointing right. Probably the ""on"" indicator: its only supply is through the switch, and its other side goes to 215 SV (earth via lighter 48)."
116,"Switch, electrically heated rear window",climate,switch,contact,lamp contact;middle contact,open,read,book photo IMG_4726; scan p.407,"Drawn as a gap between the end of the lamp contact's right stub and the bar. The bar already touches the middle contact, so this gap is all that separates the lamp from the middle contact. Probably closes when the switch is pressed (not printed)."
116,"Switch, electrically heated rear window",climate,switch,contact,middle contact;dot contact,open,read,book photo IMG_4726; scan p.407,"Gap on the contact line between the middle contact's right stub and the filled dot (feed side). The dot's left stub is only a tiny broken nub. The bar's upper end sits directly above the dot and does not touch it. Probably closes when the switch is pressed, joining the 214/203 feed to 213 and the relay 113 coil (not printed)."
116,"Switch, electrically heated rear window",climate,switch,bar,lamp contact;middle contact;dot contact,rests on middle contact,read,book photo IMG_4726; scan p.407,"Heavy straight rocker bar at about 30 degrees, rising left to right. Its lower-left end is below and just left of the lamp contact; its upper-right end is directly above the dot. It touches only the middle contact (it covers that contact's left stub and the top-left of its circle) and is clear of the lamp contact and the dot, so the switch is drawn off. It probably pivots at the middle contact and, pressed flat, bridges all three (not printed). A faint light ring in the bar where it crosses the contact line (photo only, not in the scan) is unreadable: it could be a pivot mark or a gap in the ink."
116,"Switch, electrically heated rear window",climate,switch,link,middle contact;middle,n/a,read,book photo IMG_4726; scan p.407,"From the bottom of the middle contact, down to about 70% of the box height, left, then down to the middle terminal, which sits to the left of the contact."
116,"Switch, electrically heated rear window",climate,switch,link,dot contact;right,n/a,read,book photo IMG_4726; scan p.407,"From the bottom of the dot, down to about 72% of the box height (a little lower than the middle link's horizontal), left, then down to the right terminal, which sits to the left of the dot."
123 lower,4-pole connector,wipers,connector,terminals,row 1;row 2;row 4,n/a,read,book photo IMG_4710; scan p.407,"No pin numbers printed; names ours. Rows 1, 2 and 4 drawn as filled-dot pairs; the row 3 position is blank. 97 BR comes down and turns left toward row 1 but stops about 25-30 photo px (about 10 px on the scan) short of the box. 95b RD comes down and turns left into row 2. 99a SV drops from row 4 through the bottom wall."
123 lower,4-pole connector,wipers,connector,link,row 1 motor side;row 1 harness side,closed,read,book photo IMG_4710,Motor pin 1 (diode) to 97 BR 0.75; the 97 line lines up with this row but stops short of the box on the page.
123 lower,4-pole connector,wipers,connector,link,row 2 motor side;row 2 harness side,closed,read,book photo IMG_4710,Motor pin 2 (park switch) to 95b RD 0.75.
123 lower,4-pole connector,wipers,connector,link,row 4 motor side;row 4 harness side,closed,read,book photo IMG_4710; scan p.407,"Motor return pin to 99a SV 0.75, down through the bottom wall and left to the CHASSI/MOTOR earth star."
123 upper,4-pole connector,wipers,connector,terminals,row 1;row 2;row 3;row 4,n/a,read,book photo IMG_4710,"No pin numbers printed; rows counted top to bottom (names ours). Each row is a filled dot on the motor (left) side and one on the harness (right) side, against the very heavy walls; box about 230 x 340 photo px. Harness side: 98 GL joins the top-right corner (row 1 has a stub up into the top wall); 95a RD drops diagonally into the right wall between rows 1 and 2; 95b RD (outer vertical) leaves row 2; 97 BR (inner vertical) leaves row 3; 99 SV drops from row 4 through the bottom wall."
123 upper,4-pole connector,wipers,connector,link,row 1 motor side;row 1 harness side,closed,read,book photo IMG_4710,"Motor pin 1 (diode) to 98 GL 0.75, which reaches the row through a stub up into the top wall at the top-right corner."
123 upper,4-pole connector,wipers,connector,link,row 2 motor side;row 2 harness side,closed,read,book photo IMG_4710,"Motor pin 2 (park switch) to 95b RD 0.75 out. 95a RD 0.75 in probably joins here too: its diagonal lands in the heavy right wall about 55% of the way from row 1 to row 2, and the wall hides which dot it meets."
123 upper,4-pole connector,wipers,connector,link,row 3 motor side;row 3 harness side,closed,read,book photo IMG_4710,Motor pin 3 (nothing inside the motor) to 97 BR 0.75.
123 upper,4-pole connector,wipers,connector,link,row 4 motor side;row 4 harness side,closed,read,book photo IMG_4710; scan p.407,"Motor pin 4 (return) to 99 SV 0.75, which drops through the bottom wall and runs left to the CHASSI/MOTOR earth star."
137,Throttle valve switch,ignition,switch,terminals,top;bottom,n/a,read,book photo IMG_4725; scan p.407,"No labels printed. Top: an open circle hanging from the inside of the top border at the centre. Its wire goes straight up and then left across the page to solenoid valve 142's lower-right lead (E3). The '383 GR 0.75' label sits on a short thick leader off that wire just above the box. Bottom: a small open oval on the inside of the bottom border at the centre. 380a GL 1.0 feeds it: a vertical labelled left of the switch, then a horizontal under the box, then up. Portrait box about 1:1.6 with a very heavy outline; the label 137 is to the right. 103 BL 2.5 runs down along the left border without connecting (hairline gap in the scan)."
137,Throttle valve switch,ignition,switch,contact,bottom;top,open,read,book photo IMG_4725; scan p.407,"The blade pivots at the bottom terminal and leans up-left to the top-left inner corner. Its tip stops short of the top circle: a 2-3 px white gap in the scan and a white notch in the photo. Normally open, closing at 62 degrees of throttle. That comes from the manual text (PDF p.24, p.210), not the drawing."
142,Solenoid valve,ignition,valve,terminals,L;R1;R2,n/a,read,book photo IMG_4710; scan p.407,"No terminal circles or labels printed; names ours. L: left wall at mid-height; the lead runs left then down to a three-stroke earth, no cable number. R1: right wall just below mid-height, 382 BL 0.75 (label beside the box). R2: right wall about two-thirds down (not the corner); leaves diagonally down-right, then runs right parallel to 382. No label at 142: traced on the scan to 137, where it is labelled 383 GR 0.75."
142,Solenoid valve,ignition,valve,coil,L;R1;R2,n/a,read,book photo IMG_4710; scan p.407,"Heavy outline with a white interior and one diagonal from the left inner wall (low) to the right inner wall (high): the DIN winding symbol. There is no separate inner rectangle. Both + leads meet the right side, so they probably join the same end: the speed transmitter (382) or the throttle switch (383) can energise it; the left end is earthed."
144,Pressure switch,ignition,switch,terminals,left;right,n/a,read,book photo IMG_4729; scan p.407,"No labels printed; names ours. Left: contact circle inside the left wall; 377 GN/VT 0.75 enters the left wall at its height (label on the scan only). Right: contact circle inside the right wall; a thin lead runs down beside the right wall, out through the bottom wall and straight down as 378 GN/VT 0.75 (label written vertically). A horizontal wire just under the box crosses 378 with no dot."
144,Pressure switch,ignition,switch,contact,left;right,closed,read,book photo IMG_4729; scan p.407,"A thick bar runs from the left contact circle to the right one and touches both: drawn closed. The light oval under the right circle is probably only the gap between the down-lead and the wall, not a third contact. Probably normally closed, opening on overboost to drop pump relay 102 (377 from 58 (A4) pin 4, 378 to 102:15)."
146,"Electronic control unit, ignition system",ignition,control unit,terminals,31;31d;7;15;16;16,n/a,read,book photo IMG_4729; scan p.407,"All six on the left edge, top to bottom, as open circles inside the heavy left wall with the labels to their right; nothing on the other edges and nothing drawn inside. 393 SV 1.5 at 31, 390 at 31d, 391 at 7, 123d GN/VT 1.0 at 15, 284 BL 0.75 at the upper 16, 121 BL 1.5 (printed '12/') at the lower 16. No shield terminal: 392 SV earths the 390/391 screen outside the box. The two 16s are not drawn joined (probably the same output inside; not printed, so no row)."
158 (D6),"Joint, earth cable",,earth joint,terminals,T1;T2;T3;B1;B2;B3,n/a,read,"book photo IMG_4720, IMG_4718; scan p.407","No pin numbers printed: T1-T3 (top row) and B1-B3 (bottom row), left to right, are our position names. Six filled black double-slot blocks in 2 rows x 3 columns; 158 is printed right of T3/B3. Each half shows a white = or a plain square: T1 [square|=], T2 [=|=], T3 [=|=], B1 [square|=], B2 [=|=], B3 [left half unreadable, ink-flooded|square]. The page does not say what the glyphs mean and they do not match the cables block by block. Cables: T1 281 SV 1,5 (up) and 92 SV 1,0 (diagonal onto the top edge from lower left); T2 3 SV 2,5 (up, to the main earth); T3 212 SV 0,75 (up) and 201 SV 0,75 (out right, then up); B3 four below, left to right 90 BL 1,0, 107 SV 2,5, 192 SV 0,75, 83 SV 0,75. Nothing below B1 or B2. Labels for 212, 92, 107 and 192 read in the photos; 281, 3, 201, 90 and 83 only on the scan. D6 instance only (E13 not covered)."
158 (D6),"Joint, earth cable",,earth joint,bar,T1;T2;T3,n/a,read,book photo IMG_4720; scan p.407,"Short horizontal lines at block mid-height join the top row. The line carries on out of T3's right side as 201 SV, which turns up and climbs over relay 21 to relay 89:85."
158 (D6),"Joint, earth cable",,earth joint,bar,B1;B2;B3,n/a,read,book photo IMG_4720; scan p.407,Short horizontal lines at block mid-height join the bottom row. Nothing leaves B1 to the left: the 92 SV vertical passes about 0.5 mm left of B1 without touching it.
158 (D6),"Joint, earth cable",,earth joint,link,T1;B1,n/a,read,book photo IMG_4720; scan p.407,"Vertical line through the divider of T1 down to B1, in line with the 281 SV riser above."
158 (D6),"Joint, earth cable",,earth joint,link,T2;B2,n/a,read,book photo IMG_4720; scan p.407,"Vertical line through the divider of T2 down to B2, in line with the 3 SV riser above."
158 (D6),"Joint, earth cable",,earth joint,link,T3;B3,n/a,read,"book photo IMG_4720, IMG_4718; scan p.407","Vertical line through the divider of T3 down to B3, in line with 212 SV above and 107 SV below."
rear cluster L,"Rear lamp cluster, left (legend: 15 Number plate light; 14 Tail light; 32 Reversing lights; 30 Brake lights; 27 Direction indicator lights L)",lighting; signals,lamp housing,terminals,15;14;32;30;14;27,n/a,read,book photo IMG_4728,"No terminal labels printed: legend numbers, one per bulb, outside the right border, top to bottom (the vertical mirror of the right cluster). Cables meet the left edge, top to bottom: 15 feed (46a stub on it), number-plate diagonal leaving cell 2, tail jumper into cell 2, 137 diagonal and 136 into cell 3, 133 diagonal and 132 into cell 4, tail-jumper diagonal leaving cell 5, 42 into cell 5, 76 into cell 6. Earth leaves the TOP edge as one unlabelled line (189 SV 0.75, from the scan); nothing leaves the bottom. A thin vertical just inside the right border is probably the housing outline (no row). No housing earth is printed."
rear cluster L,"Rear lamp cluster, left (legend: 15 Number plate light; 14 Tail light; 32 Reversing lights; 30 Brake lights; 27 Direction indicator lights L)",lighting,lamp housing,bulb,15 feed (number-plate jumper; 46a BL 0.75);earth bar,n/a,read,book photo IMG_4728,"Number plate bulb, cell 1 (top), inside the left cluster. Fed only through the number-plate jumper. Thin ring, printed broken at its upper left."
rear cluster L,"Rear lamp cluster, left (legend: 15 Number plate light; 14 Tail light; 32 Reversing lights; 30 Brake lights; 27 Direction indicator lights L)",lighting,lamp housing,bulb,14 upper feed (tail jumper);earth bar,n/a,read,book photo IMG_4728,"Upper tail bulb, cell 2. Fed only through the tail jumper; the number-plate diagonal leaves the same edge just above. Thin ring, printed broken at its lower left."
rear cluster L,"Rear lamp cluster, left (legend: 15 Number plate light; 14 Tail light; 32 Reversing lights; 30 Brake lights; 27 Direction indicator lights L)",signals,lamp housing,bulb,32 feed (136 VT 1.0);earth bar,n/a,read,book photo IMG_4728,"Left reversing bulb, cell 3. 136 VT 1.0 from the bottom terminal of reversing light switch 31 enters horizontally, crossing the 132, 76, 42 and 133 verticals and the tail jumper with no dots."
rear cluster L,"Rear lamp cluster, left (legend: 15 Number plate light; 14 Tail light; 32 Reversing lights; 30 Brake lights; 27 Direction indicator lights L)",signals,lamp housing,link,137 VT 0.75;32 L feed,n/a,probably,book photo IMG_4728,"137 comes down, turns right onto the tail-jumper vertical at the cell 2/3 divider level, and a diagonal leaves that point into cell 3. Four line ends meet with no dot. Probably 137 carries on into 32 L with the jumper passing through: joining the tail circuit would light the reversing lamps with the parking lights. So 137 branches off 136 at this bulb."
rear cluster L,"Rear lamp cluster, left (legend: 15 Number plate light; 14 Tail light; 32 Reversing lights; 30 Brake lights; 27 Direction indicator lights L)",signals,lamp housing,bulb,30 feed (132 RD 1.0);earth bar,n/a,read,book photo IMG_4728; scan p.407,"Left brake bulb, cell 4. The feed is unlabelled at the lamp; a continuous follow (photo and scan) takes it up to the rear side of 58 (E12), where it is labelled 132 RD 1.0. It crosses 136 and 46 with no dots."
rear cluster L,"Rear lamp cluster, left (legend: 15 Number plate light; 14 Tail light; 32 Reversing lights; 30 Brake lights; 27 Direction indicator lights L)",signals,lamp housing,link,133 RD 0.75;30 L feed,n/a,probably,book photo IMG_4728,"Same four-line meeting as 137, one cell lower: 133 turns right onto the tail-jumper vertical at the cell 3/4 divider level and a diagonal leaves that point into cell 4. No dot. Probably 133 starts at the 30 L feed and runs to 30 R, with the jumper passing through."
rear cluster L,"Rear lamp cluster, left (legend: 15 Number plate light; 14 Tail light; 32 Reversing lights; 30 Brake lights; 27 Direction indicator lights L)",lighting,lamp housing,bulb,14 lower feed (42 BL 0.75);earth bar,n/a,read,book photo IMG_4728,"Lower tail bulb, cell 5, next to 27. 42 BL enters this bulb only; the tail jumper leaves the upper part of the same edge."
rear cluster L,"Rear lamp cluster, left (legend: 15 Number plate light; 14 Tail light; 32 Reversing lights; 30 Brake lights; 27 Direction indicator lights L)",signals,lamp housing,bulb,27 feed (76 BL/VT 1.0);earth bar,n/a,read,book photo IMG_4728,"Left rear indicator, cell 6 (bottom). Filled-quadrant indicator symbol. Its right lead goes right, then up to the bar at the 14/27 divider, where the bar starts."
rear cluster L,"Rear lamp cluster, left (legend: 15 Number plate light; 14 Tail light; 32 Reversing lights; 30 Brake lights; 27 Direction indicator lights L)",lighting,lamp housing,link,14 lower feed;14 upper feed;46 BL 0.75,n/a,read,book photo IMG_4728,"Tail jumper, drawn outside the box: diagonal up-left from the upper part of cell 5, a vertical just left of the box, then right into cell 2. It crosses 136 and 132 plainly and passes the 133 and 137 meeting points. 46 BL 0.75 is a short stub: free end just left of its label, crossing the 132, 76 and 42 verticals, with its arrow tip on the vertical in the upper half of cell 4. Corrected: 46 does not come from the far left."
rear cluster L,"Rear lamp cluster, left (legend: 15 Number plate light; 14 Tail light; 32 Reversing lights; 30 Brake lights; 27 Direction indicator lights L)",lighting,lamp housing,link,14 upper feed;15 feed;46a BL 0.75,n/a,read,book photo IMG_4728,"Number-plate jumper: diagonal up-left from the upper part of cell 2, a short vertical, then right into cell 1. 46a BL 0.75 is a stub coming down from above (free end just above its label) with its arrowhead on the cell-1 feed."
rear cluster L,"Rear lamp cluster, left (legend: 15 Number plate light; 14 Tail light; 32 Reversing lights; 30 Brake lights; 27 Direction indicator lights L)",lighting; signals,lamp housing,bar,15;14 upper;32;30;14 lower;27;189 SV 0.75,n/a,read,book photo IMG_4728; scan p.407,"Common earth bar: one thin vertical inside the box, starting at 27's lead and taking every bulb. It leaves through the top border as one line straight up. That line is unlabelled in the photo; the scan follow shows it is 189 SV 0.75 from the right cluster bar. The left cluster has no earth of its own: it returns through 189 and the right cluster's 189a."
rear cluster R,"Rear lamp cluster, right (legend: 28 Direction indicator lights R; 14 Tail light; 30 Brake lights; 32 Reversing lights; 15 Number plate light)",lighting; signals,lamp housing,terminals,28;14;30;32;14;15,n/a,read,book photo IMG_4727,"No terminal labels printed: these are the legend numbers, one per bulb, printed outside the right border, top to bottom, in six equal cells. Cables meet the left edge, top to bottom: 79 (28), 44 (upper 14), tail-jumper diagonal leaving cell 2, 133 (30), 137 (32), tail jumper into cell 5, number-plate diagonal leaving cell 5, 15 feed (cell 6). Earth leaves the bottom edge: 189a SV 1.0 (diagonal, left) and 189 SV 0.75 (straight, right). Also printed but not electrical, so no row: a thin vertical just inside the right border (touches only the dividers; probably the housing outline) and a short stroke from the 30 bulb down to the 30/32 divider (touches nothing; probably a misprint, do not draw). No housing earth or bulb wattage is printed."
rear cluster R,"Rear lamp cluster, right (legend: 28 Direction indicator lights R; 14 Tail light; 30 Brake lights; 32 Reversing lights; 15 Number plate light)",signals,lamp housing,bulb,28 feed (79 RD/VT 1.0);earth bar,n/a,read,book photo IMG_4727,"Right rear indicator, cell 1 (top). Indicator symbol: X circle with top and bottom quadrants filled. Its right lead goes right, then down to the bar at the 28/14 divider, where the bar starts."
rear cluster R,"Rear lamp cluster, right (legend: 28 Direction indicator lights R; 14 Tail light; 30 Brake lights; 32 Reversing lights; 15 Number plate light)",lighting,lamp housing,bulb,14 upper feed (44 GN 0.75);earth bar,n/a,read,book photo IMG_4727,"Upper tail bulb, cell 2, next to 28. 44 GN enters this bulb only; the tail jumper leaves the same feed lower down the cell edge."
rear cluster R,"Rear lamp cluster, right (legend: 28 Direction indicator lights R; 14 Tail light; 30 Brake lights; 32 Reversing lights; 15 Number plate light)",signals,lamp housing,bulb,30 feed (133 RD 0.75);earth bar,n/a,read,book photo IMG_4727,"Brake bulb, cell 3. Only the tail-jumper vertical crosses 133 (no dot). Corrected: 47 GN does not cross 133; it runs parallel just above and ends on the jumper."
rear cluster R,"Rear lamp cluster, right (legend: 28 Direction indicator lights R; 14 Tail light; 30 Brake lights; 32 Reversing lights; 15 Number plate light)",signals,lamp housing,bulb,32 feed (137 VT 0.75);earth bar,n/a,read,book photo IMG_4727,"Reversing bulb, cell 4. The tail jumper crosses 137 with no dot."
rear cluster R,"Rear lamp cluster, right (legend: 28 Direction indicator lights R; 14 Tail light; 30 Brake lights; 32 Reversing lights; 15 Number plate light)",lighting,lamp housing,bulb,14 lower feed (tail jumper);earth bar,n/a,read,book photo IMG_4727,"Lower tail bulb, cell 5. Fed only through the tail jumper. Ring printed thinner than cells 1-4; the page does not say why."
rear cluster R,"Rear lamp cluster, right (legend: 28 Direction indicator lights R; 14 Tail light; 30 Brake lights; 32 Reversing lights; 15 Number plate light)",lighting,lamp housing,bulb,15 feed (number-plate jumper; 47a GN 0.75);earth bar,n/a,read,book photo IMG_4727,"Number plate bulb, cell 6 (bottom), inside the right cluster. Fed only through the number-plate jumper. Thinner ring, like cell 5."
rear cluster R,"Rear lamp cluster, right (legend: 28 Direction indicator lights R; 14 Tail light; 30 Brake lights; 32 Reversing lights; 15 Number plate light)",lighting,lamp housing,link,14 upper feed;14 lower feed;47 GN 0.75,n/a,read,book photo IMG_4727,"Tail jumper, drawn outside the box: diagonal down-left from the lower part of cell 2, a vertical just left of the box crossing 133 and 137 (no dots), then right into cell 5. 47 GN 0.75 is a short stub: free end just left of its label, crosses only the 79 down-lead, and its arrow mark lands on the vertical in the upper third of cell 3. Corrected: 47 does not come from the far left and does not land at the cell 2/3 divider."
rear cluster R,"Rear lamp cluster, right (legend: 28 Direction indicator lights R; 14 Tail light; 30 Brake lights; 32 Reversing lights; 15 Number plate light)",lighting,lamp housing,link,14 lower feed;15 feed;47a GN 0.75,n/a,read,book photo IMG_4727,"Number-plate jumper: diagonal down-left from the lower part of cell 5, a short vertical, then right into cell 6. 47a GN 0.75 is a stub rising from below (free end under its label) with its arrow mark on the cell-6 feed."
rear cluster R,"Rear lamp cluster, right (legend: 28 Direction indicator lights R; 14 Tail light; 30 Brake lights; 32 Reversing lights; 15 Number plate light)",lighting; signals,lamp housing,bar,28;14 upper;30;32;14 lower;15;189 SV 0.75;189a SV 1.0,n/a,read,book photo IMG_4727; scan p.407,"Common earth bar: one thin vertical inside the box, about two-thirds of the way across. All six bulbs join it. It passes through the bottom border as 189 SV 0.75 (straight down); 189a SV 1.0 leaves the same spot diagonally down-left (the join is hidden in the heavy border). From the scan: 189 runs unbroken to the top of the left cluster bar; 189a ends on the earth point that 191 SV 2.5 from 1-pole connector 60 also uses. The 1.0 mm2 cable probably carries both clusters' return, the 0.75 only the left one."
